contract	upstream_symbols	upstream_location	moonbit_implementation	test_location	status	notes
blocks_and_control_flow	parseBlock;parseFunctionBlock;parseEmptyStatement;parseIfStatement;parseDoStatement;parseWhileStatement;parseForOrForInOrForOfStatement;parseBreakOrContinueStatement;parseReturnStatement;parseWithStatement	src/compiler/parser.ts:6827-7034	parser_statements.mbt;parser_bindings_variables.mbt	parser_statements_wbtest.mbt	complete	Blocks and all loop/jump forms share full expression contexts; do-while consumes only an explicit trailing semicolon, preserving the adjacent-statement boundary.
switch_try_and_labels	parseCaseClause;parseDefaultClause;parseCaseOrDefaultClause;parseCaseBlock;parseSwitchStatement;parseThrowStatement;parseTryStatement;parseCatchClause;parseDebuggerStatement;parseExpressionOrLabeledStatement	src/compiler/parser.ts:7036-7154	parser_statements.mbt	parser_statements_wbtest.mbt	complete	Switch clauses, try/catch/finally, throw ASI, debugger, expression statements, and labels preserve exact missing-node and diagnostic ranges.
statement_dispatch_and_detection	nextTokenIsIdentifierOrKeywordOnSameLine;nextTokenIsClassKeywordOnSameLine;nextTokenIsFunctionKeywordOnSameLine;nextTokenIsIdentifierOrKeywordOrLiteralOnSameLine;isDeclaration;isStartOfDeclaration;isStartOfStatement;nextTokenIsBindingIdentifierOrStartOfDestructuring;isLetDeclaration;nextTokenIsBindingIdentifierOrStartOfDestructuringOnSameLineDisallowOf;nextTokenIsEqualsOrSemicolonOrColonToken;nextTokenIsBindingIdentifierOrStartOfDestructuringOnSameLine;isUsingDeclaration;nextTokenIsUsingKeywordThenBindingIdentifierOrStartOfObjectDestructuringOnSameLine;isAwaitUsingDeclaration;parseStatement;isDeclareModifier;parseDeclaration;parseDeclarationWorker	src/compiler/parser.ts:7156-7574	parser_lists.mbt;parser_statements.mbt;parser_declarations.mbt;parser_bindings_variables.mbt	parser_statements_wbtest.mbt	complete	Contextual declaration detection retains line-break and export-type lookahead rollback; import/export terminal forms are handled by the module parser.
bindings_and_variables	parseArrayBindingElement;parseObjectBindingElement;parseObjectBindingPattern;parseArrayBindingPattern;isBindingIdentifierOrPrivateIdentifierOrPattern;parseIdentifierOrPattern;parseVariableDeclarationAllowExclamation;parseVariableDeclaration;parseVariableDeclarationList;canFollowContextualOfKeyword;parseVariableStatement	src/compiler/parser.ts:7595-7752	parser_bindings_variables.mbt;parser_parameters_signatures.mbt	parser_statements_wbtest.mbt	complete	Object/array patterns, rest/default/elision, private-name errors, for initializer contexts, and var/let/const/using/await-using flags match upstream.
decorators_and_modifiers	nextTokenIsOnSameLineAndCanFollowModifier;nextTokenCanFollowModifier;canFollowExportModifier;nextTokenCanFollowExportModifier;parseAnyContextualModifier;canFollowModifier;canFollowGetOrSetKeyword;nextTokenCanFollowDefaultKeyword;parseDecoratorExpression;tryParseDecorator;tryParseModifier;parseModifiers	src/compiler/parser.ts:2758-2832,7972-8084	parser_declarations.mbt;parser_expression_literals.mbt;parser_parameters_signatures.mbt	parser_statements_wbtest.mbt	complete	Leading/trailing decorators and contextual modifiers preserve token boundaries and ordering, including export-default-abstract and ambient modifier flags.
function_declarations	parseFunctionBlockOrSemicolon;parseFunctionDeclaration;parseOptionalBindingIdentifier	src/compiler/parser.ts:7580-7593,7754-7781	parser_declarations.mbt;parser_expression_functions.mbt;parser_statements.mbt	parser_statements_wbtest.mbt	complete	Async/generator/type parameters, overload semicolons, return types, block bodies, and ambient context share the expression function-body parser.
class_members	parseConstructorName;tryParseConstructorDeclaration;parseMethodDeclaration;parsePropertyDeclaration;parsePropertyOrMethodDeclaration;parseAccessorDeclaration;isClassMemberStart;parseClassStaticBlockDeclaration;parseClassStaticBlockBody;parseClassElement	src/compiler/parser.ts:7783-8130	parser_declarations.mbt;parser_parameters_signatures.mbt;parser_lists.mbt	parser_statements_wbtest.mbt	complete	Constructors, methods, accessors, fields, auto-accessors, index signatures, private/computed names, static blocks, and parser-retained invalid type fields are covered.
classes_and_heritage	parseDecoratedExpression;parseClassExpression;parseClassDeclaration;parseClassDeclarationOrExpression;parseNameOfClassDeclarationOrExpression;isImplementsClause;parseHeritageClauses;parseHeritageClause;parseExpressionWithTypeArguments;tryParseTypeArguments;isHeritageClause;parseClassMembers	src/compiler/parser.ts:8132-8232	parser_declarations.mbt;parser_expression_literals.mbt;parser_expression_member.mbt	parser_statements_wbtest.mbt;parser_expressions_wbtest.mbt	complete	Class declarations and expressions share full members, decorators, extends/implements clauses, instantiation expressions, and exact list metadata.
typescript_declarations	parseInterfaceDeclaration;parseTypeAliasDeclaration;parseEnumMember;parseEnumDeclaration;parseModuleBlock;parseModuleOrNamespaceDeclaration;parseAmbientExternalModuleDeclaration;parseModuleDeclaration	src/compiler/parser.ts:8234-8385	parser_declarations.mbt;parser_types.mbt;parser_parameters_signatures.mbt	parser_statements_wbtest.mbt	complete	Interfaces, aliases, enums, dotted namespaces, string modules, global augmentation, declaration-file ambient context, and nested statement lists match parser behavior.
