upstream_symbol	start_rule	terminator_rule	recovery_diagnostics	delimiter_rule	source_locations	moonbit_implementation	test_location	status
ParsingContext.SourceElements	return !(token() === SyntaxKind.SemicolonToken && inErrorRecovery) && isStartOfStatement();	return false;	_0_expected, Declaration_or_statement_expected	none via parseList@src/compiler/parser.ts:1814, none via parseListElement@src/compiler/parser.ts:1897	src/compiler/parser.ts:8755, src/compiler/parser.ts:2844, src/compiler/parser.ts:3047, src/compiler/parser.ts:3422	parser_state_kinds.mbt; parser_lists.mbt	parser_state_kinds_wbtest.mbt; parser_lists_wbtest.mbt; scripts/audit-parser-core.mjs	complete
ParsingContext.BlockStatements	return !(token() === SyntaxKind.SemicolonToken && inErrorRecovery) && isStartOfStatement();	return token() === SyntaxKind.CloseBraceToken;	Declaration_or_statement_expected	none via parseList@src/compiler/parser.ts:6831, none via parseList@src/compiler/parser.ts:8294	src/compiler/parser.ts:8756, src/compiler/parser.ts:2844, src/compiler/parser.ts:3015, src/compiler/parser.ts:3426	parser_state_kinds.mbt; parser_lists.mbt	parser_state_kinds_wbtest.mbt; parser_lists_wbtest.mbt; scripts/audit-parser-core.mjs	complete
ParsingContext.SwitchClauses	return token() === SyntaxKind.CaseKeyword || token() === SyntaxKind.DefaultKeyword;	return token() === SyntaxKind.CloseBraceToken;	case_or_default_expected	none via parseList@src/compiler/parser.ts:7037	src/compiler/parser.ts:8757, src/compiler/parser.ts:2852, src/compiler/parser.ts:3015, src/compiler/parser.ts:3428	parser_state_kinds.mbt; parser_lists.mbt	parser_state_kinds_wbtest.mbt; parser_lists_wbtest.mbt; scripts/audit-parser-core.mjs	complete
ParsingContext.SwitchClauseStatements	return !(token() === SyntaxKind.SemicolonToken && inErrorRecovery) && isStartOfStatement();	return token() === SyntaxKind.CloseBraceToken || token() === SyntaxKind.CaseKeyword || token() === SyntaxKind.DefaultKeyword;	Statement_expected	none via parseList@src/compiler/parser.ts:7018, none via parseList@src/compiler/parser.ts:7026	src/compiler/parser.ts:8758, src/compiler/parser.ts:2844, src/compiler/parser.ts:3017, src/compiler/parser.ts:3430	parser_state_kinds.mbt; parser_lists.mbt	parser_state_kinds_wbtest.mbt; parser_lists_wbtest.mbt; scripts/audit-parser-core.mjs	complete
ParsingContext.TypeMembers	return lookAhead(isTypeMemberStart);	return token() === SyntaxKind.CloseBraceToken;	Property_or_signature_expected	none via parseList@src/compiler/parser.ts:4381, none via parseList@src/compiler/parser.ts:4433	src/compiler/parser.ts:8759, src/compiler/parser.ts:2854, src/compiler/parser.ts:3015, src/compiler/parser.ts:3433	parser_state_kinds.mbt; parser_lists.mbt	parser_state_kinds_wbtest.mbt; parser_lists_wbtest.mbt; scripts/audit-parser-core.mjs	complete
ParsingContext.ClassMembers	return lookAhead(isClassMemberStart) || (token() === SyntaxKind.SemicolonToken && !inErrorRecovery);	return token() === SyntaxKind.CloseBraceToken;	Unexpected_token_A_constructor_method_accessor_or_property_was_expected	none via parseList@src/compiler/parser.ts:8236	src/compiler/parser.ts:8760, src/compiler/parser.ts:2856, src/compiler/parser.ts:3015, src/compiler/parser.ts:3435	parser_state_kinds.mbt; parser_lists.mbt	parser_state_kinds_wbtest.mbt; parser_lists_wbtest.mbt; scripts/audit-parser-core.mjs	complete
ParsingContext.EnumMembers	return token() === SyntaxKind.OpenBracketToken || isLiteralPropertyName();	return token() === SyntaxKind.CloseBraceToken;	Enum_member_expected	comma via parseDelimitedList@src/compiler/parser.ts:8280	src/compiler/parser.ts:8761, src/compiler/parser.ts:2862, src/compiler/parser.ts:3015, src/compiler/parser.ts:3437	parser_state_kinds.mbt; parser_lists.mbt	parser_state_kinds_wbtest.mbt; parser_lists_wbtest.mbt; scripts/audit-parser-core.mjs	complete
ParsingContext.HeritageClauseElement	if (token() === SyntaxKind.OpenBraceToken) { return lookAhead(isValidHeritageClauseObjectLiteral); } if (!inErrorRecovery) { return isStartOfLeftHandSideExpression() && !isHeritageClauseExtendsOrImplementsKeyword(); } else { // If we're in error recovery we tighten up what we're willing to match. // That way we don't treat something like "this" as a valid heritage clause // element during recovery. return isIdentifier() && !isHeritageClauseExtendsOrImplementsKeyword(); }	return token() === SyntaxKind.OpenBraceToken || token() === SyntaxKind.ExtendsKeyword || token() === SyntaxKind.ImplementsKeyword;	Expression_expected	comma via parseDelimitedList@src/compiler/parser.ts:8212	src/compiler/parser.ts:8762, src/compiler/parser.ts:2882, src/compiler/parser.ts:3019, src/compiler/parser.ts:3439	parser_state_kinds.mbt; parser_lists.mbt	parser_state_kinds_wbtest.mbt; parser_lists_wbtest.mbt; scripts/audit-parser-core.mjs	complete
ParsingContext.VariableDeclarations	return isBindingIdentifierOrPrivateIdentifierOrPattern();	return isVariableDeclaratorListTerminator();	_0_is_not_allowed_as_a_variable_declaration_name, Variable_declaration_expected	comma via parseDelimitedList@src/compiler/parser.ts:7712	src/compiler/parser.ts:8763, src/compiler/parser.ts:2898, src/compiler/parser.ts:3021, src/compiler/parser.ts:3441	parser_state_kinds.mbt; parser_lists.mbt	parser_state_kinds_wbtest.mbt; parser_lists_wbtest.mbt; scripts/audit-parser-core.mjs	complete
ParsingContext.ObjectBindingElements	return token() === SyntaxKind.OpenBracketToken || token() === SyntaxKind.DotDotDotToken || isLiteralPropertyName();	return token() === SyntaxKind.CloseBraceToken;	Property_destructuring_pattern_expected	comma via parseDelimitedList@src/compiler/parser.ts:7615	src/compiler/parser.ts:8764, src/compiler/parser.ts:2878, src/compiler/parser.ts:3015, src/compiler/parser.ts:3445	parser_state_kinds.mbt; parser_lists.mbt	parser_state_kinds_wbtest.mbt; parser_lists_wbtest.mbt; scripts/audit-parser-core.mjs	complete
ParsingContext.ArrayBindingElements	return token() === SyntaxKind.CommaToken || token() === SyntaxKind.DotDotDotToken || isBindingIdentifierOrPrivateIdentifierOrPattern();	return token() === SyntaxKind.CloseBracketToken;	Array_element_destructuring_pattern_expected	comma via parseDelimitedList@src/compiler/parser.ts:7623	src/compiler/parser.ts:8765, src/compiler/parser.ts:2900, src/compiler/parser.ts:3031, src/compiler/parser.ts:3447	parser_state_kinds.mbt; parser_lists.mbt	parser_state_kinds_wbtest.mbt; parser_lists_wbtest.mbt; scripts/audit-parser-core.mjs	complete
ParsingContext.ArgumentExpressions	return token() === SyntaxKind.DotDotDotToken || isStartOfExpression();	return token() === SyntaxKind.CloseParenToken || token() === SyntaxKind.SemicolonToken;	Argument_expression_expected	comma via parseDelimitedList@src/compiler/parser.ts:6557	src/compiler/parser.ts:8766, src/compiler/parser.ts:2911, src/compiler/parser.ts:3026, src/compiler/parser.ts:3449	parser_state_kinds.mbt; parser_lists.mbt	parser_state_kinds_wbtest.mbt; parser_lists_wbtest.mbt; scripts/audit-parser-core.mjs	complete
ParsingContext.ObjectLiteralMembers	switch (token()) { case SyntaxKind.OpenBracketToken: case SyntaxKind.AsteriskToken: case SyntaxKind.DotDotDotToken: case SyntaxKind.DotToken: // Not an object literal member, but don't want to close the object (see `tests/cases/fourslash/completionsDotInObjectLiteral.ts`) return true; default: return isLiteralPropertyName(); } FALLTHROUGH return isLiteralPropertyName();	return token() === SyntaxKind.CloseBraceToken;	Property_assignment_expected	comma-or-semicolon via parseDelimitedList@src/compiler/parser.ts:6760	src/compiler/parser.ts:8767, src/compiler/parser.ts:2866, src/compiler/parser.ts:2876, src/compiler/parser.ts:3015, src/compiler/parser.ts:3451	parser_state_kinds.mbt; parser_lists.mbt	parser_state_kinds_wbtest.mbt; parser_lists_wbtest.mbt; scripts/audit-parser-core.mjs	complete
ParsingContext.JsxAttributes	return tokenIsIdentifierOrKeyword(token()) || token() === SyntaxKind.OpenBraceToken;	return token() === SyntaxKind.GreaterThanToken || token() === SyntaxKind.SlashToken;	Identifier_expected	none via parseList@src/compiler/parser.ts:6191	src/compiler/parser.ts:8768, src/compiler/parser.ts:2932, src/compiler/parser.ts:3043, src/compiler/parser.ts:3474	parser_state_kinds.mbt; parser_lists.mbt	parser_state_kinds_wbtest.mbt; parser_lists_wbtest.mbt; scripts/audit-parser-core.mjs	complete
ParsingContext.JsxChildren	return true;	return token() === SyntaxKind.LessThanToken && lookAhead(nextTokenIsSlash);	Identifier_expected	manual scanner-driven child sequence; no delimiter@src/compiler/parser.ts:6168	src/compiler/parser.ts:8769, src/compiler/parser.ts:2934, src/compiler/parser.ts:3045, src/compiler/parser.ts:3476	parser_state_kinds.mbt; parser_lists.mbt	parser_state_kinds_wbtest.mbt; parser_lists_wbtest.mbt; scripts/audit-parser-core.mjs	complete
ParsingContext.ArrayLiteralMembers	switch (token()) { case SyntaxKind.CommaToken: case SyntaxKind.DotToken: // Not an array literal member, but don't want to close the array (see `tests/cases/fourslash/completionsDotInArrayLiteralInObjectLiteral.ts`) return true; } FALLTHROUGH return token() === SyntaxKind.DotDotDotToken || isStartOfExpression();	return token() === SyntaxKind.CloseBracketToken;	Expression_or_comma_expected	comma via parseDelimitedList@src/compiler/parser.ts:6694	src/compiler/parser.ts:8770, src/compiler/parser.ts:2904, src/compiler/parser.ts:2911, src/compiler/parser.ts:3031, src/compiler/parser.ts:3453	parser_state_kinds.mbt; parser_lists.mbt	parser_state_kinds_wbtest.mbt; parser_lists_wbtest.mbt; scripts/audit-parser-core.mjs	complete
ParsingContext.Parameters	return isStartOfParameter(/*isJSDocParameter*/ false);	return token() === SyntaxKind.CloseParenToken || token() === SyntaxKind.CloseBracketToken /*|| token === SyntaxKind.OpenBraceToken*/;	_0_is_not_allowed_as_a_parameter_name, Parameter_declaration_expected	comma via parseDelimitedList@src/compiler/parser.ts:4142, comma; bracketed SyntaxKind.OpenBracketToken..SyntaxKind.CloseBracketToken via parseBracketedList@src/compiler/parser.ts:4261	src/compiler/parser.ts:8771, src/compiler/parser.ts:2913, src/compiler/parser.ts:3035, src/compiler/parser.ts:3457	parser_state_kinds.mbt; parser_lists.mbt	parser_state_kinds_wbtest.mbt; parser_lists_wbtest.mbt; scripts/audit-parser-core.mjs	complete
ParsingContext.JSDocParameters	return isStartOfParameter(/*isJSDocParameter*/ true);	return token() === SyntaxKind.CloseParenToken || token() === SyntaxKind.CloseBracketToken /*|| token === SyntaxKind.OpenBraceToken*/;	Parameter_declaration_expected	comma via parseDelimitedList@src/compiler/parser.ts:4141	src/compiler/parser.ts:8772, src/compiler/parser.ts:2915, src/compiler/parser.ts:3035, src/compiler/parser.ts:3455	parser_state_kinds.mbt; parser_lists.mbt	parser_state_kinds_wbtest.mbt; parser_lists_wbtest.mbt; scripts/audit-parser-core.mjs	complete
ParsingContext.RestProperties	return isLiteralPropertyName();	return token() === SyntaxKind.CloseParenToken || token() === SyntaxKind.CloseBracketToken /*|| token === SyntaxKind.OpenBraceToken*/;	Property_or_signature_expected	comma recovery context; no direct literal call site	src/compiler/parser.ts:8773, src/compiler/parser.ts:2876, src/compiler/parser.ts:3035, src/compiler/parser.ts:3433	parser_state_kinds.mbt; parser_lists.mbt	parser_state_kinds_wbtest.mbt; parser_lists_wbtest.mbt; scripts/audit-parser-core.mjs	complete
ParsingContext.TypeParameters	return token() === SyntaxKind.InKeyword || token() === SyntaxKind.ConstKeyword || isIdentifier();	return token() === SyntaxKind.GreaterThanToken || token() === SyntaxKind.OpenParenToken || token() === SyntaxKind.OpenBraceToken || token() === SyntaxKind.ExtendsKeyword || token() === SyntaxKind.ImplementsKeyword;	Type_parameter_declaration_expected	comma; bracketed SyntaxKind.LessThanToken..SyntaxKind.GreaterThanToken via parseBracketedList@src/compiler/parser.ts:3989	src/compiler/parser.ts:8774, src/compiler/parser.ts:2902, src/compiler/parser.ts:3023, src/compiler/parser.ts:3461	parser_state_kinds.mbt; parser_lists.mbt	parser_state_kinds_wbtest.mbt; parser_lists_wbtest.mbt; scripts/audit-parser-core.mjs	complete
ParsingContext.TypeArguments	return token() === SyntaxKind.CommaToken || isStartOfType();	return token() !== SyntaxKind.CommaToken;	Type_argument_expected	comma; bracketed SyntaxKind.LessThanToken..SyntaxKind.GreaterThanToken via parseBracketedList@src/compiler/parser.ts:3793, comma via parseDelimitedList@src/compiler/parser.ts:6573, comma; bracketed SyntaxKind.LessThanToken..SyntaxKind.GreaterThanToken via parseBracketedList@src/compiler/parser.ts:8228	src/compiler/parser.ts:8775, src/compiler/parser.ts:2918, src/compiler/parser.ts:3038, src/compiler/parser.ts:3463	parser_state_kinds.mbt; parser_lists.mbt	parser_state_kinds_wbtest.mbt; parser_lists_wbtest.mbt; scripts/audit-parser-core.mjs	complete
ParsingContext.TupleElementTypes	return token() === SyntaxKind.CommaToken || isStartOfType();	return token() === SyntaxKind.CloseBracketToken;	Type_expected	comma; bracketed SyntaxKind.OpenBracketToken..SyntaxKind.CloseBracketToken via parseBracketedList@src/compiler/parser.ts:4483	src/compiler/parser.ts:8776, src/compiler/parser.ts:2918, src/compiler/parser.ts:3031, src/compiler/parser.ts:3465	parser_state_kinds.mbt; parser_lists.mbt	parser_state_kinds_wbtest.mbt; parser_lists_wbtest.mbt; scripts/audit-parser-core.mjs	complete
ParsingContext.HeritageClauses	return isHeritageClause();	return token() === SyntaxKind.OpenBraceToken || token() === SyntaxKind.CloseBraceToken;	Unexpected_token_expected	none via parseList@src/compiler/parser.ts:8201	src/compiler/parser.ts:8777, src/compiler/parser.ts:2920, src/compiler/parser.ts:3041, src/compiler/parser.ts:3467	parser_state_kinds.mbt; parser_lists.mbt	parser_state_kinds_wbtest.mbt; parser_lists_wbtest.mbt; scripts/audit-parser-core.mjs	complete
ParsingContext.ImportOrExportSpecifiers	if (token() === SyntaxKind.FromKeyword && lookAhead(nextTokenIsStringLiteral)) { return false; } if (token() === SyntaxKind.StringLiteral) { return true; // For "arbitrary module namespace identifiers" } return tokenIsIdentifierOrKeyword(token());	return token() === SyntaxKind.CloseBraceToken;	_0_expected, Identifier_expected	comma; bracketed SyntaxKind.OpenBraceToken..SyntaxKind.CloseBraceToken via parseBracketedList@src/compiler/parser.ts:8590, comma; bracketed SyntaxKind.OpenBraceToken..SyntaxKind.CloseBraceToken via parseBracketedList@src/compiler/parser.ts:8591	src/compiler/parser.ts:8778, src/compiler/parser.ts:2922, src/compiler/parser.ts:3015, src/compiler/parser.ts:3469	parser_state_kinds.mbt; parser_lists.mbt	parser_state_kinds_wbtest.mbt; parser_lists_wbtest.mbt; scripts/audit-parser-core.mjs	complete
ParsingContext.ImportAttributes	return isImportAttributeName();	return token() === SyntaxKind.CloseBraceToken;	Identifier_or_string_literal_expected	comma-or-semicolon via parseDelimitedList@src/compiler/parser.ts:8464	src/compiler/parser.ts:8779, src/compiler/parser.ts:2880, src/compiler/parser.ts:3015, src/compiler/parser.ts:3478	parser_state_kinds.mbt; parser_lists.mbt	parser_state_kinds_wbtest.mbt; parser_lists_wbtest.mbt; scripts/audit-parser-core.mjs	complete
ParsingContext.JSDocComment	return true;	return false;	Identifier_expected	manual JSDoc token sequence; no delimiter@src/compiler/parser.ts:8908	src/compiler/parser.ts:8780, src/compiler/parser.ts:2936, src/compiler/parser.ts:3047, src/compiler/parser.ts:3480	parser_state_kinds.mbt; parser_lists.mbt	parser_state_kinds_wbtest.mbt; parser_lists_wbtest.mbt; scripts/audit-parser-core.mjs	complete
