upstream_symbol	value	declaration_names	runtime_reverse_name	classification_markers	source_locations	moonbit_implementation	test_location	status
SyntaxKind[0]	0	Unknown	FirstToken	FirstToken	Unknown@src/compiler/types.ts:41, FirstToken@src/compiler/types.ts:473	syntax_kind.mbt; syntax_kind_names.mbt; syntax_kind_markers.mbt	syntax_kind_wbtest.mbt; scripts/audit-moonbit-syntax-kind.mjs	complete
SyntaxKind[1]	1	EndOfFileToken	EndOfFileToken		EndOfFileToken@src/compiler/types.ts:42	syntax_kind.mbt; syntax_kind_names.mbt; syntax_kind_markers.mbt	syntax_kind_wbtest.mbt; scripts/audit-moonbit-syntax-kind.mjs	complete
SyntaxKind[2]	2	SingleLineCommentTrivia	FirstTriviaToken	FirstTriviaToken	SingleLineCommentTrivia@src/compiler/types.ts:43, FirstTriviaToken@src/compiler/types.ts:475	syntax_kind.mbt; syntax_kind_names.mbt; syntax_kind_markers.mbt	syntax_kind_wbtest.mbt; scripts/audit-moonbit-syntax-kind.mjs	complete
SyntaxKind[3]	3	MultiLineCommentTrivia	MultiLineCommentTrivia		MultiLineCommentTrivia@src/compiler/types.ts:44	syntax_kind.mbt; syntax_kind_names.mbt; syntax_kind_markers.mbt	syntax_kind_wbtest.mbt; scripts/audit-moonbit-syntax-kind.mjs	complete
SyntaxKind[4]	4	NewLineTrivia	NewLineTrivia		NewLineTrivia@src/compiler/types.ts:45	syntax_kind.mbt; syntax_kind_names.mbt; syntax_kind_markers.mbt	syntax_kind_wbtest.mbt; scripts/audit-moonbit-syntax-kind.mjs	complete
SyntaxKind[5]	5	WhitespaceTrivia	WhitespaceTrivia		WhitespaceTrivia@src/compiler/types.ts:46	syntax_kind.mbt; syntax_kind_names.mbt; syntax_kind_markers.mbt	syntax_kind_wbtest.mbt; scripts/audit-moonbit-syntax-kind.mjs	complete
SyntaxKind[6]	6	ShebangTrivia	ShebangTrivia		ShebangTrivia@src/compiler/types.ts:48	syntax_kind.mbt; syntax_kind_names.mbt; syntax_kind_markers.mbt	syntax_kind_wbtest.mbt; scripts/audit-moonbit-syntax-kind.mjs	complete
SyntaxKind[7]	7	ConflictMarkerTrivia	LastTriviaToken	LastTriviaToken	ConflictMarkerTrivia@src/compiler/types.ts:51, LastTriviaToken@src/compiler/types.ts:476	syntax_kind.mbt; syntax_kind_names.mbt; syntax_kind_markers.mbt	syntax_kind_wbtest.mbt; scripts/audit-moonbit-syntax-kind.mjs	complete
SyntaxKind[8]	8	NonTextFileMarkerTrivia	NonTextFileMarkerTrivia		NonTextFileMarkerTrivia@src/compiler/types.ts:54	syntax_kind.mbt; syntax_kind_names.mbt; syntax_kind_markers.mbt	syntax_kind_wbtest.mbt; scripts/audit-moonbit-syntax-kind.mjs	complete
SyntaxKind[9]	9	NumericLiteral	FirstLiteralToken	FirstLiteralToken	NumericLiteral@src/compiler/types.ts:56, FirstLiteralToken@src/compiler/types.ts:477	syntax_kind.mbt; syntax_kind_names.mbt; syntax_kind_markers.mbt	syntax_kind_wbtest.mbt; scripts/audit-moonbit-syntax-kind.mjs	complete
SyntaxKind[10]	10	BigIntLiteral	BigIntLiteral		BigIntLiteral@src/compiler/types.ts:57	syntax_kind.mbt; syntax_kind_names.mbt; syntax_kind_markers.mbt	syntax_kind_wbtest.mbt; scripts/audit-moonbit-syntax-kind.mjs	complete
SyntaxKind[11]	11	StringLiteral	StringLiteral		StringLiteral@src/compiler/types.ts:58	syntax_kind.mbt; syntax_kind_names.mbt; syntax_kind_markers.mbt	syntax_kind_wbtest.mbt; scripts/audit-moonbit-syntax-kind.mjs	complete
SyntaxKind[12]	12	JsxText	JsxText		JsxText@src/compiler/types.ts:59	syntax_kind.mbt; syntax_kind_names.mbt; syntax_kind_markers.mbt	syntax_kind_wbtest.mbt; scripts/audit-moonbit-syntax-kind.mjs	complete
SyntaxKind[13]	13	JsxTextAllWhiteSpaces	JsxTextAllWhiteSpaces		JsxTextAllWhiteSpaces@src/compiler/types.ts:60	syntax_kind.mbt; syntax_kind_names.mbt; syntax_kind_markers.mbt	syntax_kind_wbtest.mbt; scripts/audit-moonbit-syntax-kind.mjs	complete
SyntaxKind[14]	14	RegularExpressionLiteral	RegularExpressionLiteral		RegularExpressionLiteral@src/compiler/types.ts:61	syntax_kind.mbt; syntax_kind_names.mbt; syntax_kind_markers.mbt	syntax_kind_wbtest.mbt; scripts/audit-moonbit-syntax-kind.mjs	complete
SyntaxKind[15]	15	NoSubstitutionTemplateLiteral	FirstTemplateToken	LastLiteralToken, FirstTemplateToken	NoSubstitutionTemplateLiteral@src/compiler/types.ts:62, LastLiteralToken@src/compiler/types.ts:478, FirstTemplateToken@src/compiler/types.ts:479	syntax_kind.mbt; syntax_kind_names.mbt; syntax_kind_markers.mbt	syntax_kind_wbtest.mbt; scripts/audit-moonbit-syntax-kind.mjs	complete
SyntaxKind[16]	16	TemplateHead	TemplateHead		TemplateHead@src/compiler/types.ts:64	syntax_kind.mbt; syntax_kind_names.mbt; syntax_kind_markers.mbt	syntax_kind_wbtest.mbt; scripts/audit-moonbit-syntax-kind.mjs	complete
SyntaxKind[17]	17	TemplateMiddle	TemplateMiddle		TemplateMiddle@src/compiler/types.ts:65	syntax_kind.mbt; syntax_kind_names.mbt; syntax_kind_markers.mbt	syntax_kind_wbtest.mbt; scripts/audit-moonbit-syntax-kind.mjs	complete
SyntaxKind[18]	18	TemplateTail	LastTemplateToken	LastTemplateToken	TemplateTail@src/compiler/types.ts:66, LastTemplateToken@src/compiler/types.ts:480	syntax_kind.mbt; syntax_kind_names.mbt; syntax_kind_markers.mbt	syntax_kind_wbtest.mbt; scripts/audit-moonbit-syntax-kind.mjs	complete
SyntaxKind[19]	19	OpenBraceToken	FirstPunctuation	FirstPunctuation	OpenBraceToken@src/compiler/types.ts:68, FirstPunctuation@src/compiler/types.ts:471	syntax_kind.mbt; syntax_kind_names.mbt; syntax_kind_markers.mbt	syntax_kind_wbtest.mbt; scripts/audit-moonbit-syntax-kind.mjs	complete
SyntaxKind[20]	20	CloseBraceToken	CloseBraceToken		CloseBraceToken@src/compiler/types.ts:69	syntax_kind.mbt; syntax_kind_names.mbt; syntax_kind_markers.mbt	syntax_kind_wbtest.mbt; scripts/audit-moonbit-syntax-kind.mjs	complete
SyntaxKind[21]	21	OpenParenToken	OpenParenToken		OpenParenToken@src/compiler/types.ts:70	syntax_kind.mbt; syntax_kind_names.mbt; syntax_kind_markers.mbt	syntax_kind_wbtest.mbt; scripts/audit-moonbit-syntax-kind.mjs	complete
SyntaxKind[22]	22	CloseParenToken	CloseParenToken		CloseParenToken@src/compiler/types.ts:71	syntax_kind.mbt; syntax_kind_names.mbt; syntax_kind_markers.mbt	syntax_kind_wbtest.mbt; scripts/audit-moonbit-syntax-kind.mjs	complete
SyntaxKind[23]	23	OpenBracketToken	OpenBracketToken		OpenBracketToken@src/compiler/types.ts:72	syntax_kind.mbt; syntax_kind_names.mbt; syntax_kind_markers.mbt	syntax_kind_wbtest.mbt; scripts/audit-moonbit-syntax-kind.mjs	complete
SyntaxKind[24]	24	CloseBracketToken	CloseBracketToken		CloseBracketToken@src/compiler/types.ts:73	syntax_kind.mbt; syntax_kind_names.mbt; syntax_kind_markers.mbt	syntax_kind_wbtest.mbt; scripts/audit-moonbit-syntax-kind.mjs	complete
SyntaxKind[25]	25	DotToken	DotToken		DotToken@src/compiler/types.ts:74	syntax_kind.mbt; syntax_kind_names.mbt; syntax_kind_markers.mbt	syntax_kind_wbtest.mbt; scripts/audit-moonbit-syntax-kind.mjs	complete
SyntaxKind[26]	26	DotDotDotToken	DotDotDotToken		DotDotDotToken@src/compiler/types.ts:75	syntax_kind.mbt; syntax_kind_names.mbt; syntax_kind_markers.mbt	syntax_kind_wbtest.mbt; scripts/audit-moonbit-syntax-kind.mjs	complete
SyntaxKind[27]	27	SemicolonToken	SemicolonToken		SemicolonToken@src/compiler/types.ts:76	syntax_kind.mbt; syntax_kind_names.mbt; syntax_kind_markers.mbt	syntax_kind_wbtest.mbt; scripts/audit-moonbit-syntax-kind.mjs	complete
SyntaxKind[28]	28	CommaToken	CommaToken		CommaToken@src/compiler/types.ts:77	syntax_kind.mbt; syntax_kind_names.mbt; syntax_kind_markers.mbt	syntax_kind_wbtest.mbt; scripts/audit-moonbit-syntax-kind.mjs	complete
SyntaxKind[29]	29	QuestionDotToken	QuestionDotToken		QuestionDotToken@src/compiler/types.ts:78	syntax_kind.mbt; syntax_kind_names.mbt; syntax_kind_markers.mbt	syntax_kind_wbtest.mbt; scripts/audit-moonbit-syntax-kind.mjs	complete
SyntaxKind[30]	30	LessThanToken	FirstBinaryOperator	FirstBinaryOperator	LessThanToken@src/compiler/types.ts:79, FirstBinaryOperator@src/compiler/types.ts:481	syntax_kind.mbt; syntax_kind_names.mbt; syntax_kind_markers.mbt	syntax_kind_wbtest.mbt; scripts/audit-moonbit-syntax-kind.mjs	complete
SyntaxKind[31]	31	LessThanSlashToken	LessThanSlashToken		LessThanSlashToken@src/compiler/types.ts:80	syntax_kind.mbt; syntax_kind_names.mbt; syntax_kind_markers.mbt	syntax_kind_wbtest.mbt; scripts/audit-moonbit-syntax-kind.mjs	complete
SyntaxKind[32]	32	GreaterThanToken	GreaterThanToken		GreaterThanToken@src/compiler/types.ts:81	syntax_kind.mbt; syntax_kind_names.mbt; syntax_kind_markers.mbt	syntax_kind_wbtest.mbt; scripts/audit-moonbit-syntax-kind.mjs	complete
SyntaxKind[33]	33	LessThanEqualsToken	LessThanEqualsToken		LessThanEqualsToken@src/compiler/types.ts:82	syntax_kind.mbt; syntax_kind_names.mbt; syntax_kind_markers.mbt	syntax_kind_wbtest.mbt; scripts/audit-moonbit-syntax-kind.mjs	complete
SyntaxKind[34]	34	GreaterThanEqualsToken	GreaterThanEqualsToken		GreaterThanEqualsToken@src/compiler/types.ts:83	syntax_kind.mbt; syntax_kind_names.mbt; syntax_kind_markers.mbt	syntax_kind_wbtest.mbt; scripts/audit-moonbit-syntax-kind.mjs	complete
SyntaxKind[35]	35	EqualsEqualsToken	EqualsEqualsToken		EqualsEqualsToken@src/compiler/types.ts:84	syntax_kind.mbt; syntax_kind_names.mbt; syntax_kind_markers.mbt	syntax_kind_wbtest.mbt; scripts/audit-moonbit-syntax-kind.mjs	complete
SyntaxKind[36]	36	ExclamationEqualsToken	ExclamationEqualsToken		ExclamationEqualsToken@src/compiler/types.ts:85	syntax_kind.mbt; syntax_kind_names.mbt; syntax_kind_markers.mbt	syntax_kind_wbtest.mbt; scripts/audit-moonbit-syntax-kind.mjs	complete
SyntaxKind[37]	37	EqualsEqualsEqualsToken	EqualsEqualsEqualsToken		EqualsEqualsEqualsToken@src/compiler/types.ts:86	syntax_kind.mbt; syntax_kind_names.mbt; syntax_kind_markers.mbt	syntax_kind_wbtest.mbt; scripts/audit-moonbit-syntax-kind.mjs	complete
SyntaxKind[38]	38	ExclamationEqualsEqualsToken	ExclamationEqualsEqualsToken		ExclamationEqualsEqualsToken@src/compiler/types.ts:87	syntax_kind.mbt; syntax_kind_names.mbt; syntax_kind_markers.mbt	syntax_kind_wbtest.mbt; scripts/audit-moonbit-syntax-kind.mjs	complete
SyntaxKind[39]	39	EqualsGreaterThanToken	EqualsGreaterThanToken		EqualsGreaterThanToken@src/compiler/types.ts:88	syntax_kind.mbt; syntax_kind_names.mbt; syntax_kind_markers.mbt	syntax_kind_wbtest.mbt; scripts/audit-moonbit-syntax-kind.mjs	complete
SyntaxKind[40]	40	PlusToken	PlusToken		PlusToken@src/compiler/types.ts:89	syntax_kind.mbt; syntax_kind_names.mbt; syntax_kind_markers.mbt	syntax_kind_wbtest.mbt; scripts/audit-moonbit-syntax-kind.mjs	complete
SyntaxKind[41]	41	MinusToken	MinusToken		MinusToken@src/compiler/types.ts:90	syntax_kind.mbt; syntax_kind_names.mbt; syntax_kind_markers.mbt	syntax_kind_wbtest.mbt; scripts/audit-moonbit-syntax-kind.mjs	complete
SyntaxKind[42]	42	AsteriskToken	AsteriskToken		AsteriskToken@src/compiler/types.ts:91	syntax_kind.mbt; syntax_kind_names.mbt; syntax_kind_markers.mbt	syntax_kind_wbtest.mbt; scripts/audit-moonbit-syntax-kind.mjs	complete
SyntaxKind[43]	43	AsteriskAsteriskToken	AsteriskAsteriskToken		AsteriskAsteriskToken@src/compiler/types.ts:92	syntax_kind.mbt; syntax_kind_names.mbt; syntax_kind_markers.mbt	syntax_kind_wbtest.mbt; scripts/audit-moonbit-syntax-kind.mjs	complete
SyntaxKind[44]	44	SlashToken	SlashToken		SlashToken@src/compiler/types.ts:93	syntax_kind.mbt; syntax_kind_names.mbt; syntax_kind_markers.mbt	syntax_kind_wbtest.mbt; scripts/audit-moonbit-syntax-kind.mjs	complete
SyntaxKind[45]	45	PercentToken	PercentToken		PercentToken@src/compiler/types.ts:94	syntax_kind.mbt; syntax_kind_names.mbt; syntax_kind_markers.mbt	syntax_kind_wbtest.mbt; scripts/audit-moonbit-syntax-kind.mjs	complete
SyntaxKind[46]	46	PlusPlusToken	PlusPlusToken		PlusPlusToken@src/compiler/types.ts:95	syntax_kind.mbt; syntax_kind_names.mbt; syntax_kind_markers.mbt	syntax_kind_wbtest.mbt; scripts/audit-moonbit-syntax-kind.mjs	complete
SyntaxKind[47]	47	MinusMinusToken	MinusMinusToken		MinusMinusToken@src/compiler/types.ts:96	syntax_kind.mbt; syntax_kind_names.mbt; syntax_kind_markers.mbt	syntax_kind_wbtest.mbt; scripts/audit-moonbit-syntax-kind.mjs	complete
SyntaxKind[48]	48	LessThanLessThanToken	LessThanLessThanToken		LessThanLessThanToken@src/compiler/types.ts:97	syntax_kind.mbt; syntax_kind_names.mbt; syntax_kind_markers.mbt	syntax_kind_wbtest.mbt; scripts/audit-moonbit-syntax-kind.mjs	complete
SyntaxKind[49]	49	GreaterThanGreaterThanToken	GreaterThanGreaterThanToken		GreaterThanGreaterThanToken@src/compiler/types.ts:98	syntax_kind.mbt; syntax_kind_names.mbt; syntax_kind_markers.mbt	syntax_kind_wbtest.mbt; scripts/audit-moonbit-syntax-kind.mjs	complete
SyntaxKind[50]	50	GreaterThanGreaterThanGreaterThanToken	GreaterThanGreaterThanGreaterThanToken		GreaterThanGreaterThanGreaterThanToken@src/compiler/types.ts:99	syntax_kind.mbt; syntax_kind_names.mbt; syntax_kind_markers.mbt	syntax_kind_wbtest.mbt; scripts/audit-moonbit-syntax-kind.mjs	complete
SyntaxKind[51]	51	AmpersandToken	AmpersandToken		AmpersandToken@src/compiler/types.ts:100	syntax_kind.mbt; syntax_kind_names.mbt; syntax_kind_markers.mbt	syntax_kind_wbtest.mbt; scripts/audit-moonbit-syntax-kind.mjs	complete
SyntaxKind[52]	52	BarToken	BarToken		BarToken@src/compiler/types.ts:101	syntax_kind.mbt; syntax_kind_names.mbt; syntax_kind_markers.mbt	syntax_kind_wbtest.mbt; scripts/audit-moonbit-syntax-kind.mjs	complete
SyntaxKind[53]	53	CaretToken	CaretToken		CaretToken@src/compiler/types.ts:102	syntax_kind.mbt; syntax_kind_names.mbt; syntax_kind_markers.mbt	syntax_kind_wbtest.mbt; scripts/audit-moonbit-syntax-kind.mjs	complete
SyntaxKind[54]	54	ExclamationToken	ExclamationToken		ExclamationToken@src/compiler/types.ts:103	syntax_kind.mbt; syntax_kind_names.mbt; syntax_kind_markers.mbt	syntax_kind_wbtest.mbt; scripts/audit-moonbit-syntax-kind.mjs	complete
SyntaxKind[55]	55	TildeToken	TildeToken		TildeToken@src/compiler/types.ts:104	syntax_kind.mbt; syntax_kind_names.mbt; syntax_kind_markers.mbt	syntax_kind_wbtest.mbt; scripts/audit-moonbit-syntax-kind.mjs	complete
SyntaxKind[56]	56	AmpersandAmpersandToken	AmpersandAmpersandToken		AmpersandAmpersandToken@src/compiler/types.ts:105	syntax_kind.mbt; syntax_kind_names.mbt; syntax_kind_markers.mbt	syntax_kind_wbtest.mbt; scripts/audit-moonbit-syntax-kind.mjs	complete
SyntaxKind[57]	57	BarBarToken	BarBarToken		BarBarToken@src/compiler/types.ts:106	syntax_kind.mbt; syntax_kind_names.mbt; syntax_kind_markers.mbt	syntax_kind_wbtest.mbt; scripts/audit-moonbit-syntax-kind.mjs	complete
SyntaxKind[58]	58	QuestionToken	QuestionToken		QuestionToken@src/compiler/types.ts:107	syntax_kind.mbt; syntax_kind_names.mbt; syntax_kind_markers.mbt	syntax_kind_wbtest.mbt; scripts/audit-moonbit-syntax-kind.mjs	complete
SyntaxKind[59]	59	ColonToken	ColonToken		ColonToken@src/compiler/types.ts:108	syntax_kind.mbt; syntax_kind_names.mbt; syntax_kind_markers.mbt	syntax_kind_wbtest.mbt; scripts/audit-moonbit-syntax-kind.mjs	complete
SyntaxKind[60]	60	AtToken	AtToken		AtToken@src/compiler/types.ts:109	syntax_kind.mbt; syntax_kind_names.mbt; syntax_kind_markers.mbt	syntax_kind_wbtest.mbt; scripts/audit-moonbit-syntax-kind.mjs	complete
SyntaxKind[61]	61	QuestionQuestionToken	QuestionQuestionToken		QuestionQuestionToken@src/compiler/types.ts:110	syntax_kind.mbt; syntax_kind_names.mbt; syntax_kind_markers.mbt	syntax_kind_wbtest.mbt; scripts/audit-moonbit-syntax-kind.mjs	complete
SyntaxKind[62]	62	BacktickToken	BacktickToken		BacktickToken@src/compiler/types.ts:112	syntax_kind.mbt; syntax_kind_names.mbt; syntax_kind_markers.mbt	syntax_kind_wbtest.mbt; scripts/audit-moonbit-syntax-kind.mjs	complete
SyntaxKind[63]	63	HashToken	HashToken		HashToken@src/compiler/types.ts:114	syntax_kind.mbt; syntax_kind_names.mbt; syntax_kind_markers.mbt	syntax_kind_wbtest.mbt; scripts/audit-moonbit-syntax-kind.mjs	complete
SyntaxKind[64]	64	EqualsToken	FirstAssignment	FirstAssignment	EqualsToken@src/compiler/types.ts:116, FirstAssignment@src/compiler/types.ts:459	syntax_kind.mbt; syntax_kind_names.mbt; syntax_kind_markers.mbt	syntax_kind_wbtest.mbt; scripts/audit-moonbit-syntax-kind.mjs	complete
SyntaxKind[65]	65	PlusEqualsToken	FirstCompoundAssignment	FirstCompoundAssignment	PlusEqualsToken@src/compiler/types.ts:117, FirstCompoundAssignment@src/compiler/types.ts:461	syntax_kind.mbt; syntax_kind_names.mbt; syntax_kind_markers.mbt	syntax_kind_wbtest.mbt; scripts/audit-moonbit-syntax-kind.mjs	complete
SyntaxKind[66]	66	MinusEqualsToken	MinusEqualsToken		MinusEqualsToken@src/compiler/types.ts:118	syntax_kind.mbt; syntax_kind_names.mbt; syntax_kind_markers.mbt	syntax_kind_wbtest.mbt; scripts/audit-moonbit-syntax-kind.mjs	complete
SyntaxKind[67]	67	AsteriskEqualsToken	AsteriskEqualsToken		AsteriskEqualsToken@src/compiler/types.ts:119	syntax_kind.mbt; syntax_kind_names.mbt; syntax_kind_markers.mbt	syntax_kind_wbtest.mbt; scripts/audit-moonbit-syntax-kind.mjs	complete
SyntaxKind[68]	68	AsteriskAsteriskEqualsToken	AsteriskAsteriskEqualsToken		AsteriskAsteriskEqualsToken@src/compiler/types.ts:120	syntax_kind.mbt; syntax_kind_names.mbt; syntax_kind_markers.mbt	syntax_kind_wbtest.mbt; scripts/audit-moonbit-syntax-kind.mjs	complete
SyntaxKind[69]	69	SlashEqualsToken	SlashEqualsToken		SlashEqualsToken@src/compiler/types.ts:121	syntax_kind.mbt; syntax_kind_names.mbt; syntax_kind_markers.mbt	syntax_kind_wbtest.mbt; scripts/audit-moonbit-syntax-kind.mjs	complete
SyntaxKind[70]	70	PercentEqualsToken	PercentEqualsToken		PercentEqualsToken@src/compiler/types.ts:122	syntax_kind.mbt; syntax_kind_names.mbt; syntax_kind_markers.mbt	syntax_kind_wbtest.mbt; scripts/audit-moonbit-syntax-kind.mjs	complete
SyntaxKind[71]	71	LessThanLessThanEqualsToken	LessThanLessThanEqualsToken		LessThanLessThanEqualsToken@src/compiler/types.ts:123	syntax_kind.mbt; syntax_kind_names.mbt; syntax_kind_markers.mbt	syntax_kind_wbtest.mbt; scripts/audit-moonbit-syntax-kind.mjs	complete
SyntaxKind[72]	72	GreaterThanGreaterThanEqualsToken	GreaterThanGreaterThanEqualsToken		GreaterThanGreaterThanEqualsToken@src/compiler/types.ts:124	syntax_kind.mbt; syntax_kind_names.mbt; syntax_kind_markers.mbt	syntax_kind_wbtest.mbt; scripts/audit-moonbit-syntax-kind.mjs	complete
SyntaxKind[73]	73	GreaterThanGreaterThanGreaterThanEqualsToken	GreaterThanGreaterThanGreaterThanEqualsToken		GreaterThanGreaterThanGreaterThanEqualsToken@src/compiler/types.ts:125	syntax_kind.mbt; syntax_kind_names.mbt; syntax_kind_markers.mbt	syntax_kind_wbtest.mbt; scripts/audit-moonbit-syntax-kind.mjs	complete
SyntaxKind[74]	74	AmpersandEqualsToken	AmpersandEqualsToken		AmpersandEqualsToken@src/compiler/types.ts:126	syntax_kind.mbt; syntax_kind_names.mbt; syntax_kind_markers.mbt	syntax_kind_wbtest.mbt; scripts/audit-moonbit-syntax-kind.mjs	complete
SyntaxKind[75]	75	BarEqualsToken	BarEqualsToken		BarEqualsToken@src/compiler/types.ts:127	syntax_kind.mbt; syntax_kind_names.mbt; syntax_kind_markers.mbt	syntax_kind_wbtest.mbt; scripts/audit-moonbit-syntax-kind.mjs	complete
SyntaxKind[76]	76	BarBarEqualsToken	BarBarEqualsToken		BarBarEqualsToken@src/compiler/types.ts:128	syntax_kind.mbt; syntax_kind_names.mbt; syntax_kind_markers.mbt	syntax_kind_wbtest.mbt; scripts/audit-moonbit-syntax-kind.mjs	complete
SyntaxKind[77]	77	AmpersandAmpersandEqualsToken	AmpersandAmpersandEqualsToken		AmpersandAmpersandEqualsToken@src/compiler/types.ts:129	syntax_kind.mbt; syntax_kind_names.mbt; syntax_kind_markers.mbt	syntax_kind_wbtest.mbt; scripts/audit-moonbit-syntax-kind.mjs	complete
SyntaxKind[78]	78	QuestionQuestionEqualsToken	QuestionQuestionEqualsToken		QuestionQuestionEqualsToken@src/compiler/types.ts:130	syntax_kind.mbt; syntax_kind_names.mbt; syntax_kind_markers.mbt	syntax_kind_wbtest.mbt; scripts/audit-moonbit-syntax-kind.mjs	complete
SyntaxKind[79]	79	CaretEqualsToken	LastBinaryOperator	LastAssignment, LastCompoundAssignment, LastPunctuation, LastBinaryOperator	CaretEqualsToken@src/compiler/types.ts:131, LastAssignment@src/compiler/types.ts:460, LastCompoundAssignment@src/compiler/types.ts:462, LastPunctuation@src/compiler/types.ts:472, LastBinaryOperator@src/compiler/types.ts:482	syntax_kind.mbt; syntax_kind_names.mbt; syntax_kind_markers.mbt	syntax_kind_wbtest.mbt; scripts/audit-moonbit-syntax-kind.mjs	complete
SyntaxKind[80]	80	Identifier	Identifier		Identifier@src/compiler/types.ts:133	syntax_kind.mbt; syntax_kind_names.mbt; syntax_kind_markers.mbt	syntax_kind_wbtest.mbt; scripts/audit-moonbit-syntax-kind.mjs	complete
SyntaxKind[81]	81	PrivateIdentifier	PrivateIdentifier		PrivateIdentifier@src/compiler/types.ts:134	syntax_kind.mbt; syntax_kind_names.mbt; syntax_kind_markers.mbt	syntax_kind_wbtest.mbt; scripts/audit-moonbit-syntax-kind.mjs	complete
SyntaxKind[82]	82	JSDocCommentTextToken	JSDocCommentTextToken		JSDocCommentTextToken@src/compiler/types.ts:139	syntax_kind.mbt; syntax_kind_names.mbt; syntax_kind_markers.mbt	syntax_kind_wbtest.mbt; scripts/audit-moonbit-syntax-kind.mjs	complete
SyntaxKind[83]	83	BreakKeyword	FirstKeyword	FirstReservedWord, FirstKeyword	BreakKeyword@src/compiler/types.ts:141, FirstReservedWord@src/compiler/types.ts:463, FirstKeyword@src/compiler/types.ts:465	syntax_kind.mbt; syntax_kind_names.mbt; syntax_kind_markers.mbt	syntax_kind_wbtest.mbt; scripts/audit-moonbit-syntax-kind.mjs	complete
SyntaxKind[84]	84	CaseKeyword	CaseKeyword		CaseKeyword@src/compiler/types.ts:142	syntax_kind.mbt; syntax_kind_names.mbt; syntax_kind_markers.mbt	syntax_kind_wbtest.mbt; scripts/audit-moonbit-syntax-kind.mjs	complete
SyntaxKind[85]	85	CatchKeyword	CatchKeyword		CatchKeyword@src/compiler/types.ts:143	syntax_kind.mbt; syntax_kind_names.mbt; syntax_kind_markers.mbt	syntax_kind_wbtest.mbt; scripts/audit-moonbit-syntax-kind.mjs	complete
SyntaxKind[86]	86	ClassKeyword	ClassKeyword		ClassKeyword@src/compiler/types.ts:144	syntax_kind.mbt; syntax_kind_names.mbt; syntax_kind_markers.mbt	syntax_kind_wbtest.mbt; scripts/audit-moonbit-syntax-kind.mjs	complete
SyntaxKind[87]	87	ConstKeyword	ConstKeyword		ConstKeyword@src/compiler/types.ts:145	syntax_kind.mbt; syntax_kind_names.mbt; syntax_kind_markers.mbt	syntax_kind_wbtest.mbt; scripts/audit-moonbit-syntax-kind.mjs	complete
SyntaxKind[88]	88	ContinueKeyword	ContinueKeyword		ContinueKeyword@src/compiler/types.ts:146	syntax_kind.mbt; syntax_kind_names.mbt; syntax_kind_markers.mbt	syntax_kind_wbtest.mbt; scripts/audit-moonbit-syntax-kind.mjs	complete
SyntaxKind[89]	89	DebuggerKeyword	DebuggerKeyword		DebuggerKeyword@src/compiler/types.ts:147	syntax_kind.mbt; syntax_kind_names.mbt; syntax_kind_markers.mbt	syntax_kind_wbtest.mbt; scripts/audit-moonbit-syntax-kind.mjs	complete
SyntaxKind[90]	90	DefaultKeyword	DefaultKeyword		DefaultKeyword@src/compiler/types.ts:148	syntax_kind.mbt; syntax_kind_names.mbt; syntax_kind_markers.mbt	syntax_kind_wbtest.mbt; scripts/audit-moonbit-syntax-kind.mjs	complete
SyntaxKind[91]	91	DeleteKeyword	DeleteKeyword		DeleteKeyword@src/compiler/types.ts:149	syntax_kind.mbt; syntax_kind_names.mbt; syntax_kind_markers.mbt	syntax_kind_wbtest.mbt; scripts/audit-moonbit-syntax-kind.mjs	complete
SyntaxKind[92]	92	DoKeyword	DoKeyword		DoKeyword@src/compiler/types.ts:150	syntax_kind.mbt; syntax_kind_names.mbt; syntax_kind_markers.mbt	syntax_kind_wbtest.mbt; scripts/audit-moonbit-syntax-kind.mjs	complete
SyntaxKind[93]	93	ElseKeyword	ElseKeyword		ElseKeyword@src/compiler/types.ts:151	syntax_kind.mbt; syntax_kind_names.mbt; syntax_kind_markers.mbt	syntax_kind_wbtest.mbt; scripts/audit-moonbit-syntax-kind.mjs	complete
SyntaxKind[94]	94	EnumKeyword	EnumKeyword		EnumKeyword@src/compiler/types.ts:152	syntax_kind.mbt; syntax_kind_names.mbt; syntax_kind_markers.mbt	syntax_kind_wbtest.mbt; scripts/audit-moonbit-syntax-kind.mjs	complete
SyntaxKind[95]	95	ExportKeyword	ExportKeyword		ExportKeyword@src/compiler/types.ts:153	syntax_kind.mbt; syntax_kind_names.mbt; syntax_kind_markers.mbt	syntax_kind_wbtest.mbt; scripts/audit-moonbit-syntax-kind.mjs	complete
SyntaxKind[96]	96	ExtendsKeyword	ExtendsKeyword		ExtendsKeyword@src/compiler/types.ts:154	syntax_kind.mbt; syntax_kind_names.mbt; syntax_kind_markers.mbt	syntax_kind_wbtest.mbt; scripts/audit-moonbit-syntax-kind.mjs	complete
SyntaxKind[97]	97	FalseKeyword	FalseKeyword		FalseKeyword@src/compiler/types.ts:155	syntax_kind.mbt; syntax_kind_names.mbt; syntax_kind_markers.mbt	syntax_kind_wbtest.mbt; scripts/audit-moonbit-syntax-kind.mjs	complete
SyntaxKind[98]	98	FinallyKeyword	FinallyKeyword		FinallyKeyword@src/compiler/types.ts:156	syntax_kind.mbt; syntax_kind_names.mbt; syntax_kind_markers.mbt	syntax_kind_wbtest.mbt; scripts/audit-moonbit-syntax-kind.mjs	complete
SyntaxKind[99]	99	ForKeyword	ForKeyword		ForKeyword@src/compiler/types.ts:157	syntax_kind.mbt; syntax_kind_names.mbt; syntax_kind_markers.mbt	syntax_kind_wbtest.mbt; scripts/audit-moonbit-syntax-kind.mjs	complete
SyntaxKind[100]	100	FunctionKeyword	FunctionKeyword		FunctionKeyword@src/compiler/types.ts:158	syntax_kind.mbt; syntax_kind_names.mbt; syntax_kind_markers.mbt	syntax_kind_wbtest.mbt; scripts/audit-moonbit-syntax-kind.mjs	complete
SyntaxKind[101]	101	IfKeyword	IfKeyword		IfKeyword@src/compiler/types.ts:159	syntax_kind.mbt; syntax_kind_names.mbt; syntax_kind_markers.mbt	syntax_kind_wbtest.mbt; scripts/audit-moonbit-syntax-kind.mjs	complete
SyntaxKind[102]	102	ImportKeyword	ImportKeyword		ImportKeyword@src/compiler/types.ts:160	syntax_kind.mbt; syntax_kind_names.mbt; syntax_kind_markers.mbt	syntax_kind_wbtest.mbt; scripts/audit-moonbit-syntax-kind.mjs	complete
SyntaxKind[103]	103	InKeyword	InKeyword		InKeyword@src/compiler/types.ts:161	syntax_kind.mbt; syntax_kind_names.mbt; syntax_kind_markers.mbt	syntax_kind_wbtest.mbt; scripts/audit-moonbit-syntax-kind.mjs	complete
SyntaxKind[104]	104	InstanceOfKeyword	InstanceOfKeyword		InstanceOfKeyword@src/compiler/types.ts:162	syntax_kind.mbt; syntax_kind_names.mbt; syntax_kind_markers.mbt	syntax_kind_wbtest.mbt; scripts/audit-moonbit-syntax-kind.mjs	complete
SyntaxKind[105]	105	NewKeyword	NewKeyword		NewKeyword@src/compiler/types.ts:163	syntax_kind.mbt; syntax_kind_names.mbt; syntax_kind_markers.mbt	syntax_kind_wbtest.mbt; scripts/audit-moonbit-syntax-kind.mjs	complete
SyntaxKind[106]	106	NullKeyword	NullKeyword		NullKeyword@src/compiler/types.ts:164	syntax_kind.mbt; syntax_kind_names.mbt; syntax_kind_markers.mbt	syntax_kind_wbtest.mbt; scripts/audit-moonbit-syntax-kind.mjs	complete
SyntaxKind[107]	107	ReturnKeyword	ReturnKeyword		ReturnKeyword@src/compiler/types.ts:165	syntax_kind.mbt; syntax_kind_names.mbt; syntax_kind_markers.mbt	syntax_kind_wbtest.mbt; scripts/audit-moonbit-syntax-kind.mjs	complete
SyntaxKind[108]	108	SuperKeyword	SuperKeyword		SuperKeyword@src/compiler/types.ts:166	syntax_kind.mbt; syntax_kind_names.mbt; syntax_kind_markers.mbt	syntax_kind_wbtest.mbt; scripts/audit-moonbit-syntax-kind.mjs	complete
SyntaxKind[109]	109	SwitchKeyword	SwitchKeyword		SwitchKeyword@src/compiler/types.ts:167	syntax_kind.mbt; syntax_kind_names.mbt; syntax_kind_markers.mbt	syntax_kind_wbtest.mbt; scripts/audit-moonbit-syntax-kind.mjs	complete
SyntaxKind[110]	110	ThisKeyword	ThisKeyword		ThisKeyword@src/compiler/types.ts:168	syntax_kind.mbt; syntax_kind_names.mbt; syntax_kind_markers.mbt	syntax_kind_wbtest.mbt; scripts/audit-moonbit-syntax-kind.mjs	complete
SyntaxKind[111]	111	ThrowKeyword	ThrowKeyword		ThrowKeyword@src/compiler/types.ts:169	syntax_kind.mbt; syntax_kind_names.mbt; syntax_kind_markers.mbt	syntax_kind_wbtest.mbt; scripts/audit-moonbit-syntax-kind.mjs	complete
SyntaxKind[112]	112	TrueKeyword	TrueKeyword		TrueKeyword@src/compiler/types.ts:170	syntax_kind.mbt; syntax_kind_names.mbt; syntax_kind_markers.mbt	syntax_kind_wbtest.mbt; scripts/audit-moonbit-syntax-kind.mjs	complete
SyntaxKind[113]	113	TryKeyword	TryKeyword		TryKeyword@src/compiler/types.ts:171	syntax_kind.mbt; syntax_kind_names.mbt; syntax_kind_markers.mbt	syntax_kind_wbtest.mbt; scripts/audit-moonbit-syntax-kind.mjs	complete
SyntaxKind[114]	114	TypeOfKeyword	TypeOfKeyword		TypeOfKeyword@src/compiler/types.ts:172	syntax_kind.mbt; syntax_kind_names.mbt; syntax_kind_markers.mbt	syntax_kind_wbtest.mbt; scripts/audit-moonbit-syntax-kind.mjs	complete
SyntaxKind[115]	115	VarKeyword	VarKeyword		VarKeyword@src/compiler/types.ts:173	syntax_kind.mbt; syntax_kind_names.mbt; syntax_kind_markers.mbt	syntax_kind_wbtest.mbt; scripts/audit-moonbit-syntax-kind.mjs	complete
SyntaxKind[116]	116	VoidKeyword	VoidKeyword		VoidKeyword@src/compiler/types.ts:174	syntax_kind.mbt; syntax_kind_names.mbt; syntax_kind_markers.mbt	syntax_kind_wbtest.mbt; scripts/audit-moonbit-syntax-kind.mjs	complete
SyntaxKind[117]	117	WhileKeyword	WhileKeyword		WhileKeyword@src/compiler/types.ts:175	syntax_kind.mbt; syntax_kind_names.mbt; syntax_kind_markers.mbt	syntax_kind_wbtest.mbt; scripts/audit-moonbit-syntax-kind.mjs	complete
SyntaxKind[118]	118	WithKeyword	LastReservedWord	LastReservedWord	WithKeyword@src/compiler/types.ts:176, LastReservedWord@src/compiler/types.ts:464	syntax_kind.mbt; syntax_kind_names.mbt; syntax_kind_markers.mbt	syntax_kind_wbtest.mbt; scripts/audit-moonbit-syntax-kind.mjs	complete
SyntaxKind[119]	119	ImplementsKeyword	FirstFutureReservedWord	FirstFutureReservedWord	ImplementsKeyword@src/compiler/types.ts:178, FirstFutureReservedWord@src/compiler/types.ts:467	syntax_kind.mbt; syntax_kind_names.mbt; syntax_kind_markers.mbt	syntax_kind_wbtest.mbt; scripts/audit-moonbit-syntax-kind.mjs	complete
SyntaxKind[120]	120	InterfaceKeyword	InterfaceKeyword		InterfaceKeyword@src/compiler/types.ts:179	syntax_kind.mbt; syntax_kind_names.mbt; syntax_kind_markers.mbt	syntax_kind_wbtest.mbt; scripts/audit-moonbit-syntax-kind.mjs	complete
SyntaxKind[121]	121	LetKeyword	LetKeyword		LetKeyword@src/compiler/types.ts:180	syntax_kind.mbt; syntax_kind_names.mbt; syntax_kind_markers.mbt	syntax_kind_wbtest.mbt; scripts/audit-moonbit-syntax-kind.mjs	complete
SyntaxKind[122]	122	PackageKeyword	PackageKeyword		PackageKeyword@src/compiler/types.ts:181	syntax_kind.mbt; syntax_kind_names.mbt; syntax_kind_markers.mbt	syntax_kind_wbtest.mbt; scripts/audit-moonbit-syntax-kind.mjs	complete
SyntaxKind[123]	123	PrivateKeyword	PrivateKeyword		PrivateKeyword@src/compiler/types.ts:182	syntax_kind.mbt; syntax_kind_names.mbt; syntax_kind_markers.mbt	syntax_kind_wbtest.mbt; scripts/audit-moonbit-syntax-kind.mjs	complete
SyntaxKind[124]	124	ProtectedKeyword	ProtectedKeyword		ProtectedKeyword@src/compiler/types.ts:183	syntax_kind.mbt; syntax_kind_names.mbt; syntax_kind_markers.mbt	syntax_kind_wbtest.mbt; scripts/audit-moonbit-syntax-kind.mjs	complete
SyntaxKind[125]	125	PublicKeyword	PublicKeyword		PublicKeyword@src/compiler/types.ts:184	syntax_kind.mbt; syntax_kind_names.mbt; syntax_kind_markers.mbt	syntax_kind_wbtest.mbt; scripts/audit-moonbit-syntax-kind.mjs	complete
SyntaxKind[126]	126	StaticKeyword	StaticKeyword		StaticKeyword@src/compiler/types.ts:185	syntax_kind.mbt; syntax_kind_names.mbt; syntax_kind_markers.mbt	syntax_kind_wbtest.mbt; scripts/audit-moonbit-syntax-kind.mjs	complete
SyntaxKind[127]	127	YieldKeyword	LastFutureReservedWord	LastFutureReservedWord	YieldKeyword@src/compiler/types.ts:186, LastFutureReservedWord@src/compiler/types.ts:468	syntax_kind.mbt; syntax_kind_names.mbt; syntax_kind_markers.mbt	syntax_kind_wbtest.mbt; scripts/audit-moonbit-syntax-kind.mjs	complete
SyntaxKind[128]	128	AbstractKeyword	FirstContextualKeyword	FirstContextualKeyword	AbstractKeyword@src/compiler/types.ts:188, FirstContextualKeyword@src/compiler/types.ts:490	syntax_kind.mbt; syntax_kind_names.mbt; syntax_kind_markers.mbt	syntax_kind_wbtest.mbt; scripts/audit-moonbit-syntax-kind.mjs	complete
SyntaxKind[129]	129	AccessorKeyword	AccessorKeyword		AccessorKeyword@src/compiler/types.ts:189	syntax_kind.mbt; syntax_kind_names.mbt; syntax_kind_markers.mbt	syntax_kind_wbtest.mbt; scripts/audit-moonbit-syntax-kind.mjs	complete
SyntaxKind[130]	130	AsKeyword	AsKeyword		AsKeyword@src/compiler/types.ts:190	syntax_kind.mbt; syntax_kind_names.mbt; syntax_kind_markers.mbt	syntax_kind_wbtest.mbt; scripts/audit-moonbit-syntax-kind.mjs	complete
SyntaxKind[131]	131	AssertsKeyword	AssertsKeyword		AssertsKeyword@src/compiler/types.ts:191	syntax_kind.mbt; syntax_kind_names.mbt; syntax_kind_markers.mbt	syntax_kind_wbtest.mbt; scripts/audit-moonbit-syntax-kind.mjs	complete
SyntaxKind[132]	132	AssertKeyword	AssertKeyword		AssertKeyword@src/compiler/types.ts:192	syntax_kind.mbt; syntax_kind_names.mbt; syntax_kind_markers.mbt	syntax_kind_wbtest.mbt; scripts/audit-moonbit-syntax-kind.mjs	complete
SyntaxKind[133]	133	AnyKeyword	AnyKeyword		AnyKeyword@src/compiler/types.ts:193	syntax_kind.mbt; syntax_kind_names.mbt; syntax_kind_markers.mbt	syntax_kind_wbtest.mbt; scripts/audit-moonbit-syntax-kind.mjs	complete
SyntaxKind[134]	134	AsyncKeyword	AsyncKeyword		AsyncKeyword@src/compiler/types.ts:194	syntax_kind.mbt; syntax_kind_names.mbt; syntax_kind_markers.mbt	syntax_kind_wbtest.mbt; scripts/audit-moonbit-syntax-kind.mjs	complete
SyntaxKind[135]	135	AwaitKeyword	AwaitKeyword		AwaitKeyword@src/compiler/types.ts:195	syntax_kind.mbt; syntax_kind_names.mbt; syntax_kind_markers.mbt	syntax_kind_wbtest.mbt; scripts/audit-moonbit-syntax-kind.mjs	complete
SyntaxKind[136]	136	BooleanKeyword	BooleanKeyword		BooleanKeyword@src/compiler/types.ts:196	syntax_kind.mbt; syntax_kind_names.mbt; syntax_kind_markers.mbt	syntax_kind_wbtest.mbt; scripts/audit-moonbit-syntax-kind.mjs	complete
SyntaxKind[137]	137	ConstructorKeyword	ConstructorKeyword		ConstructorKeyword@src/compiler/types.ts:197	syntax_kind.mbt; syntax_kind_names.mbt; syntax_kind_markers.mbt	syntax_kind_wbtest.mbt; scripts/audit-moonbit-syntax-kind.mjs	complete
SyntaxKind[138]	138	DeclareKeyword	DeclareKeyword		DeclareKeyword@src/compiler/types.ts:198	syntax_kind.mbt; syntax_kind_names.mbt; syntax_kind_markers.mbt	syntax_kind_wbtest.mbt; scripts/audit-moonbit-syntax-kind.mjs	complete
SyntaxKind[139]	139	GetKeyword	GetKeyword		GetKeyword@src/compiler/types.ts:199	syntax_kind.mbt; syntax_kind_names.mbt; syntax_kind_markers.mbt	syntax_kind_wbtest.mbt; scripts/audit-moonbit-syntax-kind.mjs	complete
SyntaxKind[140]	140	InferKeyword	InferKeyword		InferKeyword@src/compiler/types.ts:200	syntax_kind.mbt; syntax_kind_names.mbt; syntax_kind_markers.mbt	syntax_kind_wbtest.mbt; scripts/audit-moonbit-syntax-kind.mjs	complete
SyntaxKind[141]	141	IntrinsicKeyword	IntrinsicKeyword		IntrinsicKeyword@src/compiler/types.ts:201	syntax_kind.mbt; syntax_kind_names.mbt; syntax_kind_markers.mbt	syntax_kind_wbtest.mbt; scripts/audit-moonbit-syntax-kind.mjs	complete
SyntaxKind[142]	142	IsKeyword	IsKeyword		IsKeyword@src/compiler/types.ts:202	syntax_kind.mbt; syntax_kind_names.mbt; syntax_kind_markers.mbt	syntax_kind_wbtest.mbt; scripts/audit-moonbit-syntax-kind.mjs	complete
SyntaxKind[143]	143	KeyOfKeyword	KeyOfKeyword		KeyOfKeyword@src/compiler/types.ts:203	syntax_kind.mbt; syntax_kind_names.mbt; syntax_kind_markers.mbt	syntax_kind_wbtest.mbt; scripts/audit-moonbit-syntax-kind.mjs	complete
SyntaxKind[144]	144	ModuleKeyword	ModuleKeyword		ModuleKeyword@src/compiler/types.ts:204	syntax_kind.mbt; syntax_kind_names.mbt; syntax_kind_markers.mbt	syntax_kind_wbtest.mbt; scripts/audit-moonbit-syntax-kind.mjs	complete
SyntaxKind[145]	145	NamespaceKeyword	NamespaceKeyword		NamespaceKeyword@src/compiler/types.ts:205	syntax_kind.mbt; syntax_kind_names.mbt; syntax_kind_markers.mbt	syntax_kind_wbtest.mbt; scripts/audit-moonbit-syntax-kind.mjs	complete
SyntaxKind[146]	146	NeverKeyword	NeverKeyword		NeverKeyword@src/compiler/types.ts:206	syntax_kind.mbt; syntax_kind_names.mbt; syntax_kind_markers.mbt	syntax_kind_wbtest.mbt; scripts/audit-moonbit-syntax-kind.mjs	complete
SyntaxKind[147]	147	OutKeyword	OutKeyword		OutKeyword@src/compiler/types.ts:207	syntax_kind.mbt; syntax_kind_names.mbt; syntax_kind_markers.mbt	syntax_kind_wbtest.mbt; scripts/audit-moonbit-syntax-kind.mjs	complete
SyntaxKind[148]	148	ReadonlyKeyword	ReadonlyKeyword		ReadonlyKeyword@src/compiler/types.ts:208	syntax_kind.mbt; syntax_kind_names.mbt; syntax_kind_markers.mbt	syntax_kind_wbtest.mbt; scripts/audit-moonbit-syntax-kind.mjs	complete
SyntaxKind[149]	149	RequireKeyword	RequireKeyword		RequireKeyword@src/compiler/types.ts:209	syntax_kind.mbt; syntax_kind_names.mbt; syntax_kind_markers.mbt	syntax_kind_wbtest.mbt; scripts/audit-moonbit-syntax-kind.mjs	complete
SyntaxKind[150]	150	NumberKeyword	NumberKeyword		NumberKeyword@src/compiler/types.ts:210	syntax_kind.mbt; syntax_kind_names.mbt; syntax_kind_markers.mbt	syntax_kind_wbtest.mbt; scripts/audit-moonbit-syntax-kind.mjs	complete
SyntaxKind[151]	151	ObjectKeyword	ObjectKeyword		ObjectKeyword@src/compiler/types.ts:211	syntax_kind.mbt; syntax_kind_names.mbt; syntax_kind_markers.mbt	syntax_kind_wbtest.mbt; scripts/audit-moonbit-syntax-kind.mjs	complete
SyntaxKind[152]	152	SatisfiesKeyword	SatisfiesKeyword		SatisfiesKeyword@src/compiler/types.ts:212	syntax_kind.mbt; syntax_kind_names.mbt; syntax_kind_markers.mbt	syntax_kind_wbtest.mbt; scripts/audit-moonbit-syntax-kind.mjs	complete
SyntaxKind[153]	153	SetKeyword	SetKeyword		SetKeyword@src/compiler/types.ts:213	syntax_kind.mbt; syntax_kind_names.mbt; syntax_kind_markers.mbt	syntax_kind_wbtest.mbt; scripts/audit-moonbit-syntax-kind.mjs	complete
SyntaxKind[154]	154	StringKeyword	StringKeyword		StringKeyword@src/compiler/types.ts:214	syntax_kind.mbt; syntax_kind_names.mbt; syntax_kind_markers.mbt	syntax_kind_wbtest.mbt; scripts/audit-moonbit-syntax-kind.mjs	complete
SyntaxKind[155]	155	SymbolKeyword	SymbolKeyword		SymbolKeyword@src/compiler/types.ts:215	syntax_kind.mbt; syntax_kind_names.mbt; syntax_kind_markers.mbt	syntax_kind_wbtest.mbt; scripts/audit-moonbit-syntax-kind.mjs	complete
SyntaxKind[156]	156	TypeKeyword	TypeKeyword		TypeKeyword@src/compiler/types.ts:216	syntax_kind.mbt; syntax_kind_names.mbt; syntax_kind_markers.mbt	syntax_kind_wbtest.mbt; scripts/audit-moonbit-syntax-kind.mjs	complete
SyntaxKind[157]	157	UndefinedKeyword	UndefinedKeyword		UndefinedKeyword@src/compiler/types.ts:217	syntax_kind.mbt; syntax_kind_names.mbt; syntax_kind_markers.mbt	syntax_kind_wbtest.mbt; scripts/audit-moonbit-syntax-kind.mjs	complete
SyntaxKind[158]	158	UniqueKeyword	UniqueKeyword		UniqueKeyword@src/compiler/types.ts:218	syntax_kind.mbt; syntax_kind_names.mbt; syntax_kind_markers.mbt	syntax_kind_wbtest.mbt; scripts/audit-moonbit-syntax-kind.mjs	complete
SyntaxKind[159]	159	UnknownKeyword	UnknownKeyword		UnknownKeyword@src/compiler/types.ts:219	syntax_kind.mbt; syntax_kind_names.mbt; syntax_kind_markers.mbt	syntax_kind_wbtest.mbt; scripts/audit-moonbit-syntax-kind.mjs	complete
SyntaxKind[160]	160	UsingKeyword	UsingKeyword		UsingKeyword@src/compiler/types.ts:220	syntax_kind.mbt; syntax_kind_names.mbt; syntax_kind_markers.mbt	syntax_kind_wbtest.mbt; scripts/audit-moonbit-syntax-kind.mjs	complete
SyntaxKind[161]	161	FromKeyword	FromKeyword		FromKeyword@src/compiler/types.ts:221	syntax_kind.mbt; syntax_kind_names.mbt; syntax_kind_markers.mbt	syntax_kind_wbtest.mbt; scripts/audit-moonbit-syntax-kind.mjs	complete
SyntaxKind[162]	162	GlobalKeyword	GlobalKeyword		GlobalKeyword@src/compiler/types.ts:222	syntax_kind.mbt; syntax_kind_names.mbt; syntax_kind_markers.mbt	syntax_kind_wbtest.mbt; scripts/audit-moonbit-syntax-kind.mjs	complete
SyntaxKind[163]	163	BigIntKeyword	BigIntKeyword		BigIntKeyword@src/compiler/types.ts:223	syntax_kind.mbt; syntax_kind_names.mbt; syntax_kind_markers.mbt	syntax_kind_wbtest.mbt; scripts/audit-moonbit-syntax-kind.mjs	complete
SyntaxKind[164]	164	OverrideKeyword	OverrideKeyword		OverrideKeyword@src/compiler/types.ts:224	syntax_kind.mbt; syntax_kind_names.mbt; syntax_kind_markers.mbt	syntax_kind_wbtest.mbt; scripts/audit-moonbit-syntax-kind.mjs	complete
SyntaxKind[165]	165	OfKeyword	OfKeyword		OfKeyword@src/compiler/types.ts:225	syntax_kind.mbt; syntax_kind_names.mbt; syntax_kind_markers.mbt	syntax_kind_wbtest.mbt; scripts/audit-moonbit-syntax-kind.mjs	complete
SyntaxKind[166]	166	DeferKeyword	LastContextualKeyword	LastKeyword, LastToken, LastContextualKeyword	DeferKeyword@src/compiler/types.ts:226, LastKeyword@src/compiler/types.ts:466, LastToken@src/compiler/types.ts:474, LastContextualKeyword@src/compiler/types.ts:491	syntax_kind.mbt; syntax_kind_names.mbt; syntax_kind_markers.mbt	syntax_kind_wbtest.mbt; scripts/audit-moonbit-syntax-kind.mjs	complete
SyntaxKind[167]	167	QualifiedName	FirstNode	FirstNode	QualifiedName@src/compiler/types.ts:231, FirstNode@src/compiler/types.ts:485	syntax_kind.mbt; syntax_kind_names.mbt; syntax_kind_markers.mbt	syntax_kind_wbtest.mbt; scripts/audit-moonbit-syntax-kind.mjs	complete
SyntaxKind[168]	168	ComputedPropertyName	ComputedPropertyName		ComputedPropertyName@src/compiler/types.ts:232	syntax_kind.mbt; syntax_kind_names.mbt; syntax_kind_markers.mbt	syntax_kind_wbtest.mbt; scripts/audit-moonbit-syntax-kind.mjs	complete
SyntaxKind[169]	169	TypeParameter	TypeParameter		TypeParameter@src/compiler/types.ts:234	syntax_kind.mbt; syntax_kind_names.mbt; syntax_kind_markers.mbt	syntax_kind_wbtest.mbt; scripts/audit-moonbit-syntax-kind.mjs	complete
SyntaxKind[170]	170	Parameter	Parameter		Parameter@src/compiler/types.ts:235	syntax_kind.mbt; syntax_kind_names.mbt; syntax_kind_markers.mbt	syntax_kind_wbtest.mbt; scripts/audit-moonbit-syntax-kind.mjs	complete
SyntaxKind[171]	171	Decorator	Decorator		Decorator@src/compiler/types.ts:236	syntax_kind.mbt; syntax_kind_names.mbt; syntax_kind_markers.mbt	syntax_kind_wbtest.mbt; scripts/audit-moonbit-syntax-kind.mjs	complete
SyntaxKind[172]	172	PropertySignature	PropertySignature		PropertySignature@src/compiler/types.ts:238	syntax_kind.mbt; syntax_kind_names.mbt; syntax_kind_markers.mbt	syntax_kind_wbtest.mbt; scripts/audit-moonbit-syntax-kind.mjs	complete
SyntaxKind[173]	173	PropertyDeclaration	PropertyDeclaration		PropertyDeclaration@src/compiler/types.ts:239	syntax_kind.mbt; syntax_kind_names.mbt; syntax_kind_markers.mbt	syntax_kind_wbtest.mbt; scripts/audit-moonbit-syntax-kind.mjs	complete
SyntaxKind[174]	174	MethodSignature	MethodSignature		MethodSignature@src/compiler/types.ts:240	syntax_kind.mbt; syntax_kind_names.mbt; syntax_kind_markers.mbt	syntax_kind_wbtest.mbt; scripts/audit-moonbit-syntax-kind.mjs	complete
SyntaxKind[175]	175	MethodDeclaration	MethodDeclaration		MethodDeclaration@src/compiler/types.ts:241	syntax_kind.mbt; syntax_kind_names.mbt; syntax_kind_markers.mbt	syntax_kind_wbtest.mbt; scripts/audit-moonbit-syntax-kind.mjs	complete
SyntaxKind[176]	176	ClassStaticBlockDeclaration	ClassStaticBlockDeclaration		ClassStaticBlockDeclaration@src/compiler/types.ts:242	syntax_kind.mbt; syntax_kind_names.mbt; syntax_kind_markers.mbt	syntax_kind_wbtest.mbt; scripts/audit-moonbit-syntax-kind.mjs	complete
SyntaxKind[177]	177	Constructor	Constructor		Constructor@src/compiler/types.ts:243	syntax_kind.mbt; syntax_kind_names.mbt; syntax_kind_markers.mbt	syntax_kind_wbtest.mbt; scripts/audit-moonbit-syntax-kind.mjs	complete
SyntaxKind[178]	178	GetAccessor	GetAccessor		GetAccessor@src/compiler/types.ts:244	syntax_kind.mbt; syntax_kind_names.mbt; syntax_kind_markers.mbt	syntax_kind_wbtest.mbt; scripts/audit-moonbit-syntax-kind.mjs	complete
SyntaxKind[179]	179	SetAccessor	SetAccessor		SetAccessor@src/compiler/types.ts:245	syntax_kind.mbt; syntax_kind_names.mbt; syntax_kind_markers.mbt	syntax_kind_wbtest.mbt; scripts/audit-moonbit-syntax-kind.mjs	complete
SyntaxKind[180]	180	CallSignature	CallSignature		CallSignature@src/compiler/types.ts:246	syntax_kind.mbt; syntax_kind_names.mbt; syntax_kind_markers.mbt	syntax_kind_wbtest.mbt; scripts/audit-moonbit-syntax-kind.mjs	complete
SyntaxKind[181]	181	ConstructSignature	ConstructSignature		ConstructSignature@src/compiler/types.ts:247	syntax_kind.mbt; syntax_kind_names.mbt; syntax_kind_markers.mbt	syntax_kind_wbtest.mbt; scripts/audit-moonbit-syntax-kind.mjs	complete
SyntaxKind[182]	182	IndexSignature	IndexSignature		IndexSignature@src/compiler/types.ts:248	syntax_kind.mbt; syntax_kind_names.mbt; syntax_kind_markers.mbt	syntax_kind_wbtest.mbt; scripts/audit-moonbit-syntax-kind.mjs	complete
SyntaxKind[183]	183	TypePredicate	FirstTypeNode	FirstTypeNode	TypePredicate@src/compiler/types.ts:250, FirstTypeNode@src/compiler/types.ts:469	syntax_kind.mbt; syntax_kind_names.mbt; syntax_kind_markers.mbt	syntax_kind_wbtest.mbt; scripts/audit-moonbit-syntax-kind.mjs	complete
SyntaxKind[184]	184	TypeReference	TypeReference		TypeReference@src/compiler/types.ts:251	syntax_kind.mbt; syntax_kind_names.mbt; syntax_kind_markers.mbt	syntax_kind_wbtest.mbt; scripts/audit-moonbit-syntax-kind.mjs	complete
SyntaxKind[185]	185	FunctionType	FunctionType		FunctionType@src/compiler/types.ts:252	syntax_kind.mbt; syntax_kind_names.mbt; syntax_kind_markers.mbt	syntax_kind_wbtest.mbt; scripts/audit-moonbit-syntax-kind.mjs	complete
SyntaxKind[186]	186	ConstructorType	ConstructorType		ConstructorType@src/compiler/types.ts:253	syntax_kind.mbt; syntax_kind_names.mbt; syntax_kind_markers.mbt	syntax_kind_wbtest.mbt; scripts/audit-moonbit-syntax-kind.mjs	complete
SyntaxKind[187]	187	TypeQuery	TypeQuery		TypeQuery@src/compiler/types.ts:254	syntax_kind.mbt; syntax_kind_names.mbt; syntax_kind_markers.mbt	syntax_kind_wbtest.mbt; scripts/audit-moonbit-syntax-kind.mjs	complete
SyntaxKind[188]	188	TypeLiteral	TypeLiteral		TypeLiteral@src/compiler/types.ts:255	syntax_kind.mbt; syntax_kind_names.mbt; syntax_kind_markers.mbt	syntax_kind_wbtest.mbt; scripts/audit-moonbit-syntax-kind.mjs	complete
SyntaxKind[189]	189	ArrayType	ArrayType		ArrayType@src/compiler/types.ts:256	syntax_kind.mbt; syntax_kind_names.mbt; syntax_kind_markers.mbt	syntax_kind_wbtest.mbt; scripts/audit-moonbit-syntax-kind.mjs	complete
SyntaxKind[190]	190	TupleType	TupleType		TupleType@src/compiler/types.ts:257	syntax_kind.mbt; syntax_kind_names.mbt; syntax_kind_markers.mbt	syntax_kind_wbtest.mbt; scripts/audit-moonbit-syntax-kind.mjs	complete
SyntaxKind[191]	191	OptionalType	OptionalType		OptionalType@src/compiler/types.ts:258	syntax_kind.mbt; syntax_kind_names.mbt; syntax_kind_markers.mbt	syntax_kind_wbtest.mbt; scripts/audit-moonbit-syntax-kind.mjs	complete
SyntaxKind[192]	192	RestType	RestType		RestType@src/compiler/types.ts:259	syntax_kind.mbt; syntax_kind_names.mbt; syntax_kind_markers.mbt	syntax_kind_wbtest.mbt; scripts/audit-moonbit-syntax-kind.mjs	complete
SyntaxKind[193]	193	UnionType	UnionType		UnionType@src/compiler/types.ts:260	syntax_kind.mbt; syntax_kind_names.mbt; syntax_kind_markers.mbt	syntax_kind_wbtest.mbt; scripts/audit-moonbit-syntax-kind.mjs	complete
SyntaxKind[194]	194	IntersectionType	IntersectionType		IntersectionType@src/compiler/types.ts:261	syntax_kind.mbt; syntax_kind_names.mbt; syntax_kind_markers.mbt	syntax_kind_wbtest.mbt; scripts/audit-moonbit-syntax-kind.mjs	complete
SyntaxKind[195]	195	ConditionalType	ConditionalType		ConditionalType@src/compiler/types.ts:262	syntax_kind.mbt; syntax_kind_names.mbt; syntax_kind_markers.mbt	syntax_kind_wbtest.mbt; scripts/audit-moonbit-syntax-kind.mjs	complete
SyntaxKind[196]	196	InferType	InferType		InferType@src/compiler/types.ts:263	syntax_kind.mbt; syntax_kind_names.mbt; syntax_kind_markers.mbt	syntax_kind_wbtest.mbt; scripts/audit-moonbit-syntax-kind.mjs	complete
SyntaxKind[197]	197	ParenthesizedType	ParenthesizedType		ParenthesizedType@src/compiler/types.ts:264	syntax_kind.mbt; syntax_kind_names.mbt; syntax_kind_markers.mbt	syntax_kind_wbtest.mbt; scripts/audit-moonbit-syntax-kind.mjs	complete
SyntaxKind[198]	198	ThisType	ThisType		ThisType@src/compiler/types.ts:265	syntax_kind.mbt; syntax_kind_names.mbt; syntax_kind_markers.mbt	syntax_kind_wbtest.mbt; scripts/audit-moonbit-syntax-kind.mjs	complete
SyntaxKind[199]	199	TypeOperator	TypeOperator		TypeOperator@src/compiler/types.ts:266	syntax_kind.mbt; syntax_kind_names.mbt; syntax_kind_markers.mbt	syntax_kind_wbtest.mbt; scripts/audit-moonbit-syntax-kind.mjs	complete
SyntaxKind[200]	200	IndexedAccessType	IndexedAccessType		IndexedAccessType@src/compiler/types.ts:267	syntax_kind.mbt; syntax_kind_names.mbt; syntax_kind_markers.mbt	syntax_kind_wbtest.mbt; scripts/audit-moonbit-syntax-kind.mjs	complete
SyntaxKind[201]	201	MappedType	MappedType		MappedType@src/compiler/types.ts:268	syntax_kind.mbt; syntax_kind_names.mbt; syntax_kind_markers.mbt	syntax_kind_wbtest.mbt; scripts/audit-moonbit-syntax-kind.mjs	complete
SyntaxKind[202]	202	LiteralType	LiteralType		LiteralType@src/compiler/types.ts:269	syntax_kind.mbt; syntax_kind_names.mbt; syntax_kind_markers.mbt	syntax_kind_wbtest.mbt; scripts/audit-moonbit-syntax-kind.mjs	complete
SyntaxKind[203]	203	NamedTupleMember	NamedTupleMember		NamedTupleMember@src/compiler/types.ts:270	syntax_kind.mbt; syntax_kind_names.mbt; syntax_kind_markers.mbt	syntax_kind_wbtest.mbt; scripts/audit-moonbit-syntax-kind.mjs	complete
SyntaxKind[204]	204	TemplateLiteralType	TemplateLiteralType		TemplateLiteralType@src/compiler/types.ts:271	syntax_kind.mbt; syntax_kind_names.mbt; syntax_kind_markers.mbt	syntax_kind_wbtest.mbt; scripts/audit-moonbit-syntax-kind.mjs	complete
SyntaxKind[205]	205	TemplateLiteralTypeSpan	TemplateLiteralTypeSpan		TemplateLiteralTypeSpan@src/compiler/types.ts:272	syntax_kind.mbt; syntax_kind_names.mbt; syntax_kind_markers.mbt	syntax_kind_wbtest.mbt; scripts/audit-moonbit-syntax-kind.mjs	complete
SyntaxKind[206]	206	ImportType	LastTypeNode	LastTypeNode	ImportType@src/compiler/types.ts:273, LastTypeNode@src/compiler/types.ts:470	syntax_kind.mbt; syntax_kind_names.mbt; syntax_kind_markers.mbt	syntax_kind_wbtest.mbt; scripts/audit-moonbit-syntax-kind.mjs	complete
SyntaxKind[207]	207	ObjectBindingPattern	ObjectBindingPattern		ObjectBindingPattern@src/compiler/types.ts:275	syntax_kind.mbt; syntax_kind_names.mbt; syntax_kind_markers.mbt	syntax_kind_wbtest.mbt; scripts/audit-moonbit-syntax-kind.mjs	complete
SyntaxKind[208]	208	ArrayBindingPattern	ArrayBindingPattern		ArrayBindingPattern@src/compiler/types.ts:276	syntax_kind.mbt; syntax_kind_names.mbt; syntax_kind_markers.mbt	syntax_kind_wbtest.mbt; scripts/audit-moonbit-syntax-kind.mjs	complete
SyntaxKind[209]	209	BindingElement	BindingElement		BindingElement@src/compiler/types.ts:277	syntax_kind.mbt; syntax_kind_names.mbt; syntax_kind_markers.mbt	syntax_kind_wbtest.mbt; scripts/audit-moonbit-syntax-kind.mjs	complete
SyntaxKind[210]	210	ArrayLiteralExpression	ArrayLiteralExpression		ArrayLiteralExpression@src/compiler/types.ts:279	syntax_kind.mbt; syntax_kind_names.mbt; syntax_kind_markers.mbt	syntax_kind_wbtest.mbt; scripts/audit-moonbit-syntax-kind.mjs	complete
SyntaxKind[211]	211	ObjectLiteralExpression	ObjectLiteralExpression		ObjectLiteralExpression@src/compiler/types.ts:280	syntax_kind.mbt; syntax_kind_names.mbt; syntax_kind_markers.mbt	syntax_kind_wbtest.mbt; scripts/audit-moonbit-syntax-kind.mjs	complete
SyntaxKind[212]	212	PropertyAccessExpression	PropertyAccessExpression		PropertyAccessExpression@src/compiler/types.ts:281	syntax_kind.mbt; syntax_kind_names.mbt; syntax_kind_markers.mbt	syntax_kind_wbtest.mbt; scripts/audit-moonbit-syntax-kind.mjs	complete
SyntaxKind[213]	213	ElementAccessExpression	ElementAccessExpression		ElementAccessExpression@src/compiler/types.ts:282	syntax_kind.mbt; syntax_kind_names.mbt; syntax_kind_markers.mbt	syntax_kind_wbtest.mbt; scripts/audit-moonbit-syntax-kind.mjs	complete
SyntaxKind[214]	214	CallExpression	CallExpression		CallExpression@src/compiler/types.ts:283	syntax_kind.mbt; syntax_kind_names.mbt; syntax_kind_markers.mbt	syntax_kind_wbtest.mbt; scripts/audit-moonbit-syntax-kind.mjs	complete
SyntaxKind[215]	215	NewExpression	NewExpression		NewExpression@src/compiler/types.ts:284	syntax_kind.mbt; syntax_kind_names.mbt; syntax_kind_markers.mbt	syntax_kind_wbtest.mbt; scripts/audit-moonbit-syntax-kind.mjs	complete
SyntaxKind[216]	216	TaggedTemplateExpression	TaggedTemplateExpression		TaggedTemplateExpression@src/compiler/types.ts:285	syntax_kind.mbt; syntax_kind_names.mbt; syntax_kind_markers.mbt	syntax_kind_wbtest.mbt; scripts/audit-moonbit-syntax-kind.mjs	complete
SyntaxKind[217]	217	TypeAssertionExpression	TypeAssertionExpression		TypeAssertionExpression@src/compiler/types.ts:286	syntax_kind.mbt; syntax_kind_names.mbt; syntax_kind_markers.mbt	syntax_kind_wbtest.mbt; scripts/audit-moonbit-syntax-kind.mjs	complete
SyntaxKind[218]	218	ParenthesizedExpression	ParenthesizedExpression		ParenthesizedExpression@src/compiler/types.ts:287	syntax_kind.mbt; syntax_kind_names.mbt; syntax_kind_markers.mbt	syntax_kind_wbtest.mbt; scripts/audit-moonbit-syntax-kind.mjs	complete
SyntaxKind[219]	219	FunctionExpression	FunctionExpression		FunctionExpression@src/compiler/types.ts:288	syntax_kind.mbt; syntax_kind_names.mbt; syntax_kind_markers.mbt	syntax_kind_wbtest.mbt; scripts/audit-moonbit-syntax-kind.mjs	complete
SyntaxKind[220]	220	ArrowFunction	ArrowFunction		ArrowFunction@src/compiler/types.ts:289	syntax_kind.mbt; syntax_kind_names.mbt; syntax_kind_markers.mbt	syntax_kind_wbtest.mbt; scripts/audit-moonbit-syntax-kind.mjs	complete
SyntaxKind[221]	221	DeleteExpression	DeleteExpression		DeleteExpression@src/compiler/types.ts:290	syntax_kind.mbt; syntax_kind_names.mbt; syntax_kind_markers.mbt	syntax_kind_wbtest.mbt; scripts/audit-moonbit-syntax-kind.mjs	complete
SyntaxKind[222]	222	TypeOfExpression	TypeOfExpression		TypeOfExpression@src/compiler/types.ts:291	syntax_kind.mbt; syntax_kind_names.mbt; syntax_kind_markers.mbt	syntax_kind_wbtest.mbt; scripts/audit-moonbit-syntax-kind.mjs	complete
SyntaxKind[223]	223	VoidExpression	VoidExpression		VoidExpression@src/compiler/types.ts:292	syntax_kind.mbt; syntax_kind_names.mbt; syntax_kind_markers.mbt	syntax_kind_wbtest.mbt; scripts/audit-moonbit-syntax-kind.mjs	complete
SyntaxKind[224]	224	AwaitExpression	AwaitExpression		AwaitExpression@src/compiler/types.ts:293	syntax_kind.mbt; syntax_kind_names.mbt; syntax_kind_markers.mbt	syntax_kind_wbtest.mbt; scripts/audit-moonbit-syntax-kind.mjs	complete
SyntaxKind[225]	225	PrefixUnaryExpression	PrefixUnaryExpression		PrefixUnaryExpression@src/compiler/types.ts:294	syntax_kind.mbt; syntax_kind_names.mbt; syntax_kind_markers.mbt	syntax_kind_wbtest.mbt; scripts/audit-moonbit-syntax-kind.mjs	complete
SyntaxKind[226]	226	PostfixUnaryExpression	PostfixUnaryExpression		PostfixUnaryExpression@src/compiler/types.ts:295	syntax_kind.mbt; syntax_kind_names.mbt; syntax_kind_markers.mbt	syntax_kind_wbtest.mbt; scripts/audit-moonbit-syntax-kind.mjs	complete
SyntaxKind[227]	227	BinaryExpression	BinaryExpression		BinaryExpression@src/compiler/types.ts:296	syntax_kind.mbt; syntax_kind_names.mbt; syntax_kind_markers.mbt	syntax_kind_wbtest.mbt; scripts/audit-moonbit-syntax-kind.mjs	complete
SyntaxKind[228]	228	ConditionalExpression	ConditionalExpression		ConditionalExpression@src/compiler/types.ts:297	syntax_kind.mbt; syntax_kind_names.mbt; syntax_kind_markers.mbt	syntax_kind_wbtest.mbt; scripts/audit-moonbit-syntax-kind.mjs	complete
SyntaxKind[229]	229	TemplateExpression	TemplateExpression		TemplateExpression@src/compiler/types.ts:298	syntax_kind.mbt; syntax_kind_names.mbt; syntax_kind_markers.mbt	syntax_kind_wbtest.mbt; scripts/audit-moonbit-syntax-kind.mjs	complete
SyntaxKind[230]	230	YieldExpression	YieldExpression		YieldExpression@src/compiler/types.ts:299	syntax_kind.mbt; syntax_kind_names.mbt; syntax_kind_markers.mbt	syntax_kind_wbtest.mbt; scripts/audit-moonbit-syntax-kind.mjs	complete
SyntaxKind[231]	231	SpreadElement	SpreadElement		SpreadElement@src/compiler/types.ts:300	syntax_kind.mbt; syntax_kind_names.mbt; syntax_kind_markers.mbt	syntax_kind_wbtest.mbt; scripts/audit-moonbit-syntax-kind.mjs	complete
SyntaxKind[232]	232	ClassExpression	ClassExpression		ClassExpression@src/compiler/types.ts:301	syntax_kind.mbt; syntax_kind_names.mbt; syntax_kind_markers.mbt	syntax_kind_wbtest.mbt; scripts/audit-moonbit-syntax-kind.mjs	complete
SyntaxKind[233]	233	OmittedExpression	OmittedExpression		OmittedExpression@src/compiler/types.ts:302	syntax_kind.mbt; syntax_kind_names.mbt; syntax_kind_markers.mbt	syntax_kind_wbtest.mbt; scripts/audit-moonbit-syntax-kind.mjs	complete
SyntaxKind[234]	234	ExpressionWithTypeArguments	ExpressionWithTypeArguments		ExpressionWithTypeArguments@src/compiler/types.ts:303	syntax_kind.mbt; syntax_kind_names.mbt; syntax_kind_markers.mbt	syntax_kind_wbtest.mbt; scripts/audit-moonbit-syntax-kind.mjs	complete
SyntaxKind[235]	235	AsExpression	AsExpression		AsExpression@src/compiler/types.ts:304	syntax_kind.mbt; syntax_kind_names.mbt; syntax_kind_markers.mbt	syntax_kind_wbtest.mbt; scripts/audit-moonbit-syntax-kind.mjs	complete
SyntaxKind[236]	236	NonNullExpression	NonNullExpression		NonNullExpression@src/compiler/types.ts:305	syntax_kind.mbt; syntax_kind_names.mbt; syntax_kind_markers.mbt	syntax_kind_wbtest.mbt; scripts/audit-moonbit-syntax-kind.mjs	complete
SyntaxKind[237]	237	MetaProperty	MetaProperty		MetaProperty@src/compiler/types.ts:306	syntax_kind.mbt; syntax_kind_names.mbt; syntax_kind_markers.mbt	syntax_kind_wbtest.mbt; scripts/audit-moonbit-syntax-kind.mjs	complete
SyntaxKind[238]	238	SyntheticExpression	SyntheticExpression		SyntheticExpression@src/compiler/types.ts:307	syntax_kind.mbt; syntax_kind_names.mbt; syntax_kind_markers.mbt	syntax_kind_wbtest.mbt; scripts/audit-moonbit-syntax-kind.mjs	complete
SyntaxKind[239]	239	SatisfiesExpression	SatisfiesExpression		SatisfiesExpression@src/compiler/types.ts:308	syntax_kind.mbt; syntax_kind_names.mbt; syntax_kind_markers.mbt	syntax_kind_wbtest.mbt; scripts/audit-moonbit-syntax-kind.mjs	complete
SyntaxKind[240]	240	TemplateSpan	TemplateSpan		TemplateSpan@src/compiler/types.ts:311	syntax_kind.mbt; syntax_kind_names.mbt; syntax_kind_markers.mbt	syntax_kind_wbtest.mbt; scripts/audit-moonbit-syntax-kind.mjs	complete
SyntaxKind[241]	241	SemicolonClassElement	SemicolonClassElement		SemicolonClassElement@src/compiler/types.ts:312	syntax_kind.mbt; syntax_kind_names.mbt; syntax_kind_markers.mbt	syntax_kind_wbtest.mbt; scripts/audit-moonbit-syntax-kind.mjs	complete
SyntaxKind[242]	242	Block	Block		Block@src/compiler/types.ts:314	syntax_kind.mbt; syntax_kind_names.mbt; syntax_kind_markers.mbt	syntax_kind_wbtest.mbt; scripts/audit-moonbit-syntax-kind.mjs	complete
SyntaxKind[243]	243	EmptyStatement	EmptyStatement		EmptyStatement@src/compiler/types.ts:315	syntax_kind.mbt; syntax_kind_names.mbt; syntax_kind_markers.mbt	syntax_kind_wbtest.mbt; scripts/audit-moonbit-syntax-kind.mjs	complete
SyntaxKind[244]	244	VariableStatement	FirstStatement	FirstStatement	VariableStatement@src/compiler/types.ts:316, FirstStatement@src/compiler/types.ts:483	syntax_kind.mbt; syntax_kind_names.mbt; syntax_kind_markers.mbt	syntax_kind_wbtest.mbt; scripts/audit-moonbit-syntax-kind.mjs	complete
SyntaxKind[245]	245	ExpressionStatement	ExpressionStatement		ExpressionStatement@src/compiler/types.ts:317	syntax_kind.mbt; syntax_kind_names.mbt; syntax_kind_markers.mbt	syntax_kind_wbtest.mbt; scripts/audit-moonbit-syntax-kind.mjs	complete
SyntaxKind[246]	246	IfStatement	IfStatement		IfStatement@src/compiler/types.ts:318	syntax_kind.mbt; syntax_kind_names.mbt; syntax_kind_markers.mbt	syntax_kind_wbtest.mbt; scripts/audit-moonbit-syntax-kind.mjs	complete
SyntaxKind[247]	247	DoStatement	DoStatement		DoStatement@src/compiler/types.ts:319	syntax_kind.mbt; syntax_kind_names.mbt; syntax_kind_markers.mbt	syntax_kind_wbtest.mbt; scripts/audit-moonbit-syntax-kind.mjs	complete
SyntaxKind[248]	248	WhileStatement	WhileStatement		WhileStatement@src/compiler/types.ts:320	syntax_kind.mbt; syntax_kind_names.mbt; syntax_kind_markers.mbt	syntax_kind_wbtest.mbt; scripts/audit-moonbit-syntax-kind.mjs	complete
SyntaxKind[249]	249	ForStatement	ForStatement		ForStatement@src/compiler/types.ts:321	syntax_kind.mbt; syntax_kind_names.mbt; syntax_kind_markers.mbt	syntax_kind_wbtest.mbt; scripts/audit-moonbit-syntax-kind.mjs	complete
SyntaxKind[250]	250	ForInStatement	ForInStatement		ForInStatement@src/compiler/types.ts:322	syntax_kind.mbt; syntax_kind_names.mbt; syntax_kind_markers.mbt	syntax_kind_wbtest.mbt; scripts/audit-moonbit-syntax-kind.mjs	complete
SyntaxKind[251]	251	ForOfStatement	ForOfStatement		ForOfStatement@src/compiler/types.ts:323	syntax_kind.mbt; syntax_kind_names.mbt; syntax_kind_markers.mbt	syntax_kind_wbtest.mbt; scripts/audit-moonbit-syntax-kind.mjs	complete
SyntaxKind[252]	252	ContinueStatement	ContinueStatement		ContinueStatement@src/compiler/types.ts:324	syntax_kind.mbt; syntax_kind_names.mbt; syntax_kind_markers.mbt	syntax_kind_wbtest.mbt; scripts/audit-moonbit-syntax-kind.mjs	complete
SyntaxKind[253]	253	BreakStatement	BreakStatement		BreakStatement@src/compiler/types.ts:325	syntax_kind.mbt; syntax_kind_names.mbt; syntax_kind_markers.mbt	syntax_kind_wbtest.mbt; scripts/audit-moonbit-syntax-kind.mjs	complete
SyntaxKind[254]	254	ReturnStatement	ReturnStatement		ReturnStatement@src/compiler/types.ts:326	syntax_kind.mbt; syntax_kind_names.mbt; syntax_kind_markers.mbt	syntax_kind_wbtest.mbt; scripts/audit-moonbit-syntax-kind.mjs	complete
SyntaxKind[255]	255	WithStatement	WithStatement		WithStatement@src/compiler/types.ts:327	syntax_kind.mbt; syntax_kind_names.mbt; syntax_kind_markers.mbt	syntax_kind_wbtest.mbt; scripts/audit-moonbit-syntax-kind.mjs	complete
SyntaxKind[256]	256	SwitchStatement	SwitchStatement		SwitchStatement@src/compiler/types.ts:328	syntax_kind.mbt; syntax_kind_names.mbt; syntax_kind_markers.mbt	syntax_kind_wbtest.mbt; scripts/audit-moonbit-syntax-kind.mjs	complete
SyntaxKind[257]	257	LabeledStatement	LabeledStatement		LabeledStatement@src/compiler/types.ts:329	syntax_kind.mbt; syntax_kind_names.mbt; syntax_kind_markers.mbt	syntax_kind_wbtest.mbt; scripts/audit-moonbit-syntax-kind.mjs	complete
SyntaxKind[258]	258	ThrowStatement	ThrowStatement		ThrowStatement@src/compiler/types.ts:330	syntax_kind.mbt; syntax_kind_names.mbt; syntax_kind_markers.mbt	syntax_kind_wbtest.mbt; scripts/audit-moonbit-syntax-kind.mjs	complete
SyntaxKind[259]	259	TryStatement	TryStatement		TryStatement@src/compiler/types.ts:331	syntax_kind.mbt; syntax_kind_names.mbt; syntax_kind_markers.mbt	syntax_kind_wbtest.mbt; scripts/audit-moonbit-syntax-kind.mjs	complete
SyntaxKind[260]	260	DebuggerStatement	LastStatement	LastStatement	DebuggerStatement@src/compiler/types.ts:332, LastStatement@src/compiler/types.ts:484	syntax_kind.mbt; syntax_kind_names.mbt; syntax_kind_markers.mbt	syntax_kind_wbtest.mbt; scripts/audit-moonbit-syntax-kind.mjs	complete
SyntaxKind[261]	261	VariableDeclaration	VariableDeclaration		VariableDeclaration@src/compiler/types.ts:333	syntax_kind.mbt; syntax_kind_names.mbt; syntax_kind_markers.mbt	syntax_kind_wbtest.mbt; scripts/audit-moonbit-syntax-kind.mjs	complete
SyntaxKind[262]	262	VariableDeclarationList	VariableDeclarationList		VariableDeclarationList@src/compiler/types.ts:334	syntax_kind.mbt; syntax_kind_names.mbt; syntax_kind_markers.mbt	syntax_kind_wbtest.mbt; scripts/audit-moonbit-syntax-kind.mjs	complete
SyntaxKind[263]	263	FunctionDeclaration	FunctionDeclaration		FunctionDeclaration@src/compiler/types.ts:335	syntax_kind.mbt; syntax_kind_names.mbt; syntax_kind_markers.mbt	syntax_kind_wbtest.mbt; scripts/audit-moonbit-syntax-kind.mjs	complete
SyntaxKind[264]	264	ClassDeclaration	ClassDeclaration		ClassDeclaration@src/compiler/types.ts:336	syntax_kind.mbt; syntax_kind_names.mbt; syntax_kind_markers.mbt	syntax_kind_wbtest.mbt; scripts/audit-moonbit-syntax-kind.mjs	complete
SyntaxKind[265]	265	InterfaceDeclaration	InterfaceDeclaration		InterfaceDeclaration@src/compiler/types.ts:337	syntax_kind.mbt; syntax_kind_names.mbt; syntax_kind_markers.mbt	syntax_kind_wbtest.mbt; scripts/audit-moonbit-syntax-kind.mjs	complete
SyntaxKind[266]	266	TypeAliasDeclaration	TypeAliasDeclaration		TypeAliasDeclaration@src/compiler/types.ts:338	syntax_kind.mbt; syntax_kind_names.mbt; syntax_kind_markers.mbt	syntax_kind_wbtest.mbt; scripts/audit-moonbit-syntax-kind.mjs	complete
SyntaxKind[267]	267	EnumDeclaration	EnumDeclaration		EnumDeclaration@src/compiler/types.ts:339	syntax_kind.mbt; syntax_kind_names.mbt; syntax_kind_markers.mbt	syntax_kind_wbtest.mbt; scripts/audit-moonbit-syntax-kind.mjs	complete
SyntaxKind[268]	268	ModuleDeclaration	ModuleDeclaration		ModuleDeclaration@src/compiler/types.ts:340	syntax_kind.mbt; syntax_kind_names.mbt; syntax_kind_markers.mbt	syntax_kind_wbtest.mbt; scripts/audit-moonbit-syntax-kind.mjs	complete
SyntaxKind[269]	269	ModuleBlock	ModuleBlock		ModuleBlock@src/compiler/types.ts:341	syntax_kind.mbt; syntax_kind_names.mbt; syntax_kind_markers.mbt	syntax_kind_wbtest.mbt; scripts/audit-moonbit-syntax-kind.mjs	complete
SyntaxKind[270]	270	CaseBlock	CaseBlock		CaseBlock@src/compiler/types.ts:342	syntax_kind.mbt; syntax_kind_names.mbt; syntax_kind_markers.mbt	syntax_kind_wbtest.mbt; scripts/audit-moonbit-syntax-kind.mjs	complete
SyntaxKind[271]	271	NamespaceExportDeclaration	NamespaceExportDeclaration		NamespaceExportDeclaration@src/compiler/types.ts:343	syntax_kind.mbt; syntax_kind_names.mbt; syntax_kind_markers.mbt	syntax_kind_wbtest.mbt; scripts/audit-moonbit-syntax-kind.mjs	complete
SyntaxKind[272]	272	ImportEqualsDeclaration	ImportEqualsDeclaration		ImportEqualsDeclaration@src/compiler/types.ts:344	syntax_kind.mbt; syntax_kind_names.mbt; syntax_kind_markers.mbt	syntax_kind_wbtest.mbt; scripts/audit-moonbit-syntax-kind.mjs	complete
SyntaxKind[273]	273	ImportDeclaration	ImportDeclaration		ImportDeclaration@src/compiler/types.ts:345	syntax_kind.mbt; syntax_kind_names.mbt; syntax_kind_markers.mbt	syntax_kind_wbtest.mbt; scripts/audit-moonbit-syntax-kind.mjs	complete
SyntaxKind[274]	274	ImportClause	ImportClause		ImportClause@src/compiler/types.ts:346	syntax_kind.mbt; syntax_kind_names.mbt; syntax_kind_markers.mbt	syntax_kind_wbtest.mbt; scripts/audit-moonbit-syntax-kind.mjs	complete
SyntaxKind[275]	275	NamespaceImport	NamespaceImport		NamespaceImport@src/compiler/types.ts:347	syntax_kind.mbt; syntax_kind_names.mbt; syntax_kind_markers.mbt	syntax_kind_wbtest.mbt; scripts/audit-moonbit-syntax-kind.mjs	complete
SyntaxKind[276]	276	NamedImports	NamedImports		NamedImports@src/compiler/types.ts:348	syntax_kind.mbt; syntax_kind_names.mbt; syntax_kind_markers.mbt	syntax_kind_wbtest.mbt; scripts/audit-moonbit-syntax-kind.mjs	complete
SyntaxKind[277]	277	ImportSpecifier	ImportSpecifier		ImportSpecifier@src/compiler/types.ts:349	syntax_kind.mbt; syntax_kind_names.mbt; syntax_kind_markers.mbt	syntax_kind_wbtest.mbt; scripts/audit-moonbit-syntax-kind.mjs	complete
SyntaxKind[278]	278	ExportAssignment	ExportAssignment		ExportAssignment@src/compiler/types.ts:350	syntax_kind.mbt; syntax_kind_names.mbt; syntax_kind_markers.mbt	syntax_kind_wbtest.mbt; scripts/audit-moonbit-syntax-kind.mjs	complete
SyntaxKind[279]	279	ExportDeclaration	ExportDeclaration		ExportDeclaration@src/compiler/types.ts:351	syntax_kind.mbt; syntax_kind_names.mbt; syntax_kind_markers.mbt	syntax_kind_wbtest.mbt; scripts/audit-moonbit-syntax-kind.mjs	complete
SyntaxKind[280]	280	NamedExports	NamedExports		NamedExports@src/compiler/types.ts:352	syntax_kind.mbt; syntax_kind_names.mbt; syntax_kind_markers.mbt	syntax_kind_wbtest.mbt; scripts/audit-moonbit-syntax-kind.mjs	complete
SyntaxKind[281]	281	NamespaceExport	NamespaceExport		NamespaceExport@src/compiler/types.ts:353	syntax_kind.mbt; syntax_kind_names.mbt; syntax_kind_markers.mbt	syntax_kind_wbtest.mbt; scripts/audit-moonbit-syntax-kind.mjs	complete
SyntaxKind[282]	282	ExportSpecifier	ExportSpecifier		ExportSpecifier@src/compiler/types.ts:354	syntax_kind.mbt; syntax_kind_names.mbt; syntax_kind_markers.mbt	syntax_kind_wbtest.mbt; scripts/audit-moonbit-syntax-kind.mjs	complete
SyntaxKind[283]	283	MissingDeclaration	MissingDeclaration		MissingDeclaration@src/compiler/types.ts:355	syntax_kind.mbt; syntax_kind_names.mbt; syntax_kind_markers.mbt	syntax_kind_wbtest.mbt; scripts/audit-moonbit-syntax-kind.mjs	complete
SyntaxKind[284]	284	ExternalModuleReference	ExternalModuleReference		ExternalModuleReference@src/compiler/types.ts:358	syntax_kind.mbt; syntax_kind_names.mbt; syntax_kind_markers.mbt	syntax_kind_wbtest.mbt; scripts/audit-moonbit-syntax-kind.mjs	complete
SyntaxKind[285]	285	JsxElement	JsxElement		JsxElement@src/compiler/types.ts:361	syntax_kind.mbt; syntax_kind_names.mbt; syntax_kind_markers.mbt	syntax_kind_wbtest.mbt; scripts/audit-moonbit-syntax-kind.mjs	complete
SyntaxKind[286]	286	JsxSelfClosingElement	JsxSelfClosingElement		JsxSelfClosingElement@src/compiler/types.ts:362	syntax_kind.mbt; syntax_kind_names.mbt; syntax_kind_markers.mbt	syntax_kind_wbtest.mbt; scripts/audit-moonbit-syntax-kind.mjs	complete
SyntaxKind[287]	287	JsxOpeningElement	JsxOpeningElement		JsxOpeningElement@src/compiler/types.ts:363	syntax_kind.mbt; syntax_kind_names.mbt; syntax_kind_markers.mbt	syntax_kind_wbtest.mbt; scripts/audit-moonbit-syntax-kind.mjs	complete
SyntaxKind[288]	288	JsxClosingElement	JsxClosingElement		JsxClosingElement@src/compiler/types.ts:364	syntax_kind.mbt; syntax_kind_names.mbt; syntax_kind_markers.mbt	syntax_kind_wbtest.mbt; scripts/audit-moonbit-syntax-kind.mjs	complete
SyntaxKind[289]	289	JsxFragment	JsxFragment		JsxFragment@src/compiler/types.ts:365	syntax_kind.mbt; syntax_kind_names.mbt; syntax_kind_markers.mbt	syntax_kind_wbtest.mbt; scripts/audit-moonbit-syntax-kind.mjs	complete
SyntaxKind[290]	290	JsxOpeningFragment	JsxOpeningFragment		JsxOpeningFragment@src/compiler/types.ts:366	syntax_kind.mbt; syntax_kind_names.mbt; syntax_kind_markers.mbt	syntax_kind_wbtest.mbt; scripts/audit-moonbit-syntax-kind.mjs	complete
SyntaxKind[291]	291	JsxClosingFragment	JsxClosingFragment		JsxClosingFragment@src/compiler/types.ts:367	syntax_kind.mbt; syntax_kind_names.mbt; syntax_kind_markers.mbt	syntax_kind_wbtest.mbt; scripts/audit-moonbit-syntax-kind.mjs	complete
SyntaxKind[292]	292	JsxAttribute	JsxAttribute		JsxAttribute@src/compiler/types.ts:368	syntax_kind.mbt; syntax_kind_names.mbt; syntax_kind_markers.mbt	syntax_kind_wbtest.mbt; scripts/audit-moonbit-syntax-kind.mjs	complete
SyntaxKind[293]	293	JsxAttributes	JsxAttributes		JsxAttributes@src/compiler/types.ts:369	syntax_kind.mbt; syntax_kind_names.mbt; syntax_kind_markers.mbt	syntax_kind_wbtest.mbt; scripts/audit-moonbit-syntax-kind.mjs	complete
SyntaxKind[294]	294	JsxSpreadAttribute	JsxSpreadAttribute		JsxSpreadAttribute@src/compiler/types.ts:370	syntax_kind.mbt; syntax_kind_names.mbt; syntax_kind_markers.mbt	syntax_kind_wbtest.mbt; scripts/audit-moonbit-syntax-kind.mjs	complete
SyntaxKind[295]	295	JsxExpression	JsxExpression		JsxExpression@src/compiler/types.ts:371	syntax_kind.mbt; syntax_kind_names.mbt; syntax_kind_markers.mbt	syntax_kind_wbtest.mbt; scripts/audit-moonbit-syntax-kind.mjs	complete
SyntaxKind[296]	296	JsxNamespacedName	JsxNamespacedName		JsxNamespacedName@src/compiler/types.ts:372	syntax_kind.mbt; syntax_kind_names.mbt; syntax_kind_markers.mbt	syntax_kind_wbtest.mbt; scripts/audit-moonbit-syntax-kind.mjs	complete
SyntaxKind[297]	297	CaseClause	CaseClause		CaseClause@src/compiler/types.ts:375	syntax_kind.mbt; syntax_kind_names.mbt; syntax_kind_markers.mbt	syntax_kind_wbtest.mbt; scripts/audit-moonbit-syntax-kind.mjs	complete
SyntaxKind[298]	298	DefaultClause	DefaultClause		DefaultClause@src/compiler/types.ts:376	syntax_kind.mbt; syntax_kind_names.mbt; syntax_kind_markers.mbt	syntax_kind_wbtest.mbt; scripts/audit-moonbit-syntax-kind.mjs	complete
SyntaxKind[299]	299	HeritageClause	HeritageClause		HeritageClause@src/compiler/types.ts:377	syntax_kind.mbt; syntax_kind_names.mbt; syntax_kind_markers.mbt	syntax_kind_wbtest.mbt; scripts/audit-moonbit-syntax-kind.mjs	complete
SyntaxKind[300]	300	CatchClause	CatchClause		CatchClause@src/compiler/types.ts:378	syntax_kind.mbt; syntax_kind_names.mbt; syntax_kind_markers.mbt	syntax_kind_wbtest.mbt; scripts/audit-moonbit-syntax-kind.mjs	complete
SyntaxKind[301]	301	ImportAttributes, AssertClause	AssertClause		ImportAttributes@src/compiler/types.ts:380, AssertClause@src/compiler/types.ts:382	syntax_kind.mbt; syntax_kind_names.mbt; syntax_kind_markers.mbt	syntax_kind_wbtest.mbt; scripts/audit-moonbit-syntax-kind.mjs	complete
SyntaxKind[302]	302	ImportAttribute, AssertEntry	AssertEntry		ImportAttribute@src/compiler/types.ts:381, AssertEntry@src/compiler/types.ts:383	syntax_kind.mbt; syntax_kind_names.mbt; syntax_kind_markers.mbt	syntax_kind_wbtest.mbt; scripts/audit-moonbit-syntax-kind.mjs	complete
SyntaxKind[303]	303	ImportTypeAssertionContainer	ImportTypeAssertionContainer		ImportTypeAssertionContainer@src/compiler/types.ts:384	syntax_kind.mbt; syntax_kind_names.mbt; syntax_kind_markers.mbt	syntax_kind_wbtest.mbt; scripts/audit-moonbit-syntax-kind.mjs	complete
SyntaxKind[304]	304	PropertyAssignment	PropertyAssignment		PropertyAssignment@src/compiler/types.ts:387	syntax_kind.mbt; syntax_kind_names.mbt; syntax_kind_markers.mbt	syntax_kind_wbtest.mbt; scripts/audit-moonbit-syntax-kind.mjs	complete
SyntaxKind[305]	305	ShorthandPropertyAssignment	ShorthandPropertyAssignment		ShorthandPropertyAssignment@src/compiler/types.ts:388	syntax_kind.mbt; syntax_kind_names.mbt; syntax_kind_markers.mbt	syntax_kind_wbtest.mbt; scripts/audit-moonbit-syntax-kind.mjs	complete
SyntaxKind[306]	306	SpreadAssignment	SpreadAssignment		SpreadAssignment@src/compiler/types.ts:389	syntax_kind.mbt; syntax_kind_names.mbt; syntax_kind_markers.mbt	syntax_kind_wbtest.mbt; scripts/audit-moonbit-syntax-kind.mjs	complete
SyntaxKind[307]	307	EnumMember	EnumMember		EnumMember@src/compiler/types.ts:392	syntax_kind.mbt; syntax_kind_names.mbt; syntax_kind_markers.mbt	syntax_kind_wbtest.mbt; scripts/audit-moonbit-syntax-kind.mjs	complete
SyntaxKind[308]	308	SourceFile	SourceFile		SourceFile@src/compiler/types.ts:395	syntax_kind.mbt; syntax_kind_names.mbt; syntax_kind_markers.mbt	syntax_kind_wbtest.mbt; scripts/audit-moonbit-syntax-kind.mjs	complete
SyntaxKind[309]	309	Bundle	Bundle		Bundle@src/compiler/types.ts:396	syntax_kind.mbt; syntax_kind_names.mbt; syntax_kind_markers.mbt	syntax_kind_wbtest.mbt; scripts/audit-moonbit-syntax-kind.mjs	complete
SyntaxKind[310]	310	JSDocTypeExpression	FirstJSDocNode	FirstJSDocNode	JSDocTypeExpression@src/compiler/types.ts:399, FirstJSDocNode@src/compiler/types.ts:486	syntax_kind.mbt; syntax_kind_names.mbt; syntax_kind_markers.mbt	syntax_kind_wbtest.mbt; scripts/audit-moonbit-syntax-kind.mjs	complete
SyntaxKind[311]	311	JSDocNameReference	JSDocNameReference		JSDocNameReference@src/compiler/types.ts:400	syntax_kind.mbt; syntax_kind_names.mbt; syntax_kind_markers.mbt	syntax_kind_wbtest.mbt; scripts/audit-moonbit-syntax-kind.mjs	complete
SyntaxKind[312]	312	JSDocMemberName	JSDocMemberName		JSDocMemberName@src/compiler/types.ts:401	syntax_kind.mbt; syntax_kind_names.mbt; syntax_kind_markers.mbt	syntax_kind_wbtest.mbt; scripts/audit-moonbit-syntax-kind.mjs	complete
SyntaxKind[313]	313	JSDocAllType	JSDocAllType		JSDocAllType@src/compiler/types.ts:402	syntax_kind.mbt; syntax_kind_names.mbt; syntax_kind_markers.mbt	syntax_kind_wbtest.mbt; scripts/audit-moonbit-syntax-kind.mjs	complete
SyntaxKind[314]	314	JSDocUnknownType	JSDocUnknownType		JSDocUnknownType@src/compiler/types.ts:403	syntax_kind.mbt; syntax_kind_names.mbt; syntax_kind_markers.mbt	syntax_kind_wbtest.mbt; scripts/audit-moonbit-syntax-kind.mjs	complete
SyntaxKind[315]	315	JSDocNullableType	JSDocNullableType		JSDocNullableType@src/compiler/types.ts:404	syntax_kind.mbt; syntax_kind_names.mbt; syntax_kind_markers.mbt	syntax_kind_wbtest.mbt; scripts/audit-moonbit-syntax-kind.mjs	complete
SyntaxKind[316]	316	JSDocNonNullableType	JSDocNonNullableType		JSDocNonNullableType@src/compiler/types.ts:405	syntax_kind.mbt; syntax_kind_names.mbt; syntax_kind_markers.mbt	syntax_kind_wbtest.mbt; scripts/audit-moonbit-syntax-kind.mjs	complete
SyntaxKind[317]	317	JSDocOptionalType	JSDocOptionalType		JSDocOptionalType@src/compiler/types.ts:406	syntax_kind.mbt; syntax_kind_names.mbt; syntax_kind_markers.mbt	syntax_kind_wbtest.mbt; scripts/audit-moonbit-syntax-kind.mjs	complete
SyntaxKind[318]	318	JSDocFunctionType	JSDocFunctionType		JSDocFunctionType@src/compiler/types.ts:407	syntax_kind.mbt; syntax_kind_names.mbt; syntax_kind_markers.mbt	syntax_kind_wbtest.mbt; scripts/audit-moonbit-syntax-kind.mjs	complete
SyntaxKind[319]	319	JSDocVariadicType	JSDocVariadicType		JSDocVariadicType@src/compiler/types.ts:408	syntax_kind.mbt; syntax_kind_names.mbt; syntax_kind_markers.mbt	syntax_kind_wbtest.mbt; scripts/audit-moonbit-syntax-kind.mjs	complete
SyntaxKind[320]	320	JSDocNamepathType	JSDocNamepathType		JSDocNamepathType@src/compiler/types.ts:409	syntax_kind.mbt; syntax_kind_names.mbt; syntax_kind_markers.mbt	syntax_kind_wbtest.mbt; scripts/audit-moonbit-syntax-kind.mjs	complete
SyntaxKind[321]	321	JSDoc, JSDocComment	JSDocComment		JSDoc@src/compiler/types.ts:410, JSDocComment@src/compiler/types.ts:412	syntax_kind.mbt; syntax_kind_names.mbt; syntax_kind_markers.mbt	syntax_kind_wbtest.mbt; scripts/audit-moonbit-syntax-kind.mjs	complete
SyntaxKind[322]	322	JSDocText	JSDocText		JSDocText@src/compiler/types.ts:413	syntax_kind.mbt; syntax_kind_names.mbt; syntax_kind_markers.mbt	syntax_kind_wbtest.mbt; scripts/audit-moonbit-syntax-kind.mjs	complete
SyntaxKind[323]	323	JSDocTypeLiteral	JSDocTypeLiteral		JSDocTypeLiteral@src/compiler/types.ts:414	syntax_kind.mbt; syntax_kind_names.mbt; syntax_kind_markers.mbt	syntax_kind_wbtest.mbt; scripts/audit-moonbit-syntax-kind.mjs	complete
SyntaxKind[324]	324	JSDocSignature	JSDocSignature		JSDocSignature@src/compiler/types.ts:415	syntax_kind.mbt; syntax_kind_names.mbt; syntax_kind_markers.mbt	syntax_kind_wbtest.mbt; scripts/audit-moonbit-syntax-kind.mjs	complete
SyntaxKind[325]	325	JSDocLink	JSDocLink		JSDocLink@src/compiler/types.ts:416	syntax_kind.mbt; syntax_kind_names.mbt; syntax_kind_markers.mbt	syntax_kind_wbtest.mbt; scripts/audit-moonbit-syntax-kind.mjs	complete
SyntaxKind[326]	326	JSDocLinkCode	JSDocLinkCode		JSDocLinkCode@src/compiler/types.ts:417	syntax_kind.mbt; syntax_kind_names.mbt; syntax_kind_markers.mbt	syntax_kind_wbtest.mbt; scripts/audit-moonbit-syntax-kind.mjs	complete
SyntaxKind[327]	327	JSDocLinkPlain	JSDocLinkPlain		JSDocLinkPlain@src/compiler/types.ts:418	syntax_kind.mbt; syntax_kind_names.mbt; syntax_kind_markers.mbt	syntax_kind_wbtest.mbt; scripts/audit-moonbit-syntax-kind.mjs	complete
SyntaxKind[328]	328	JSDocTag	FirstJSDocTagNode	FirstJSDocTagNode	JSDocTag@src/compiler/types.ts:419, FirstJSDocTagNode@src/compiler/types.ts:488	syntax_kind.mbt; syntax_kind_names.mbt; syntax_kind_markers.mbt	syntax_kind_wbtest.mbt; scripts/audit-moonbit-syntax-kind.mjs	complete
SyntaxKind[329]	329	JSDocAugmentsTag	JSDocAugmentsTag		JSDocAugmentsTag@src/compiler/types.ts:420	syntax_kind.mbt; syntax_kind_names.mbt; syntax_kind_markers.mbt	syntax_kind_wbtest.mbt; scripts/audit-moonbit-syntax-kind.mjs	complete
SyntaxKind[330]	330	JSDocImplementsTag	JSDocImplementsTag		JSDocImplementsTag@src/compiler/types.ts:421	syntax_kind.mbt; syntax_kind_names.mbt; syntax_kind_markers.mbt	syntax_kind_wbtest.mbt; scripts/audit-moonbit-syntax-kind.mjs	complete
SyntaxKind[331]	331	JSDocAuthorTag	JSDocAuthorTag		JSDocAuthorTag@src/compiler/types.ts:422	syntax_kind.mbt; syntax_kind_names.mbt; syntax_kind_markers.mbt	syntax_kind_wbtest.mbt; scripts/audit-moonbit-syntax-kind.mjs	complete
SyntaxKind[332]	332	JSDocDeprecatedTag	JSDocDeprecatedTag		JSDocDeprecatedTag@src/compiler/types.ts:423	syntax_kind.mbt; syntax_kind_names.mbt; syntax_kind_markers.mbt	syntax_kind_wbtest.mbt; scripts/audit-moonbit-syntax-kind.mjs	complete
SyntaxKind[333]	333	JSDocClassTag	JSDocClassTag		JSDocClassTag@src/compiler/types.ts:424	syntax_kind.mbt; syntax_kind_names.mbt; syntax_kind_markers.mbt	syntax_kind_wbtest.mbt; scripts/audit-moonbit-syntax-kind.mjs	complete
SyntaxKind[334]	334	JSDocPublicTag	JSDocPublicTag		JSDocPublicTag@src/compiler/types.ts:425	syntax_kind.mbt; syntax_kind_names.mbt; syntax_kind_markers.mbt	syntax_kind_wbtest.mbt; scripts/audit-moonbit-syntax-kind.mjs	complete
SyntaxKind[335]	335	JSDocPrivateTag	JSDocPrivateTag		JSDocPrivateTag@src/compiler/types.ts:426	syntax_kind.mbt; syntax_kind_names.mbt; syntax_kind_markers.mbt	syntax_kind_wbtest.mbt; scripts/audit-moonbit-syntax-kind.mjs	complete
SyntaxKind[336]	336	JSDocProtectedTag	JSDocProtectedTag		JSDocProtectedTag@src/compiler/types.ts:427	syntax_kind.mbt; syntax_kind_names.mbt; syntax_kind_markers.mbt	syntax_kind_wbtest.mbt; scripts/audit-moonbit-syntax-kind.mjs	complete
SyntaxKind[337]	337	JSDocReadonlyTag	JSDocReadonlyTag		JSDocReadonlyTag@src/compiler/types.ts:428	syntax_kind.mbt; syntax_kind_names.mbt; syntax_kind_markers.mbt	syntax_kind_wbtest.mbt; scripts/audit-moonbit-syntax-kind.mjs	complete
SyntaxKind[338]	338	JSDocOverrideTag	JSDocOverrideTag		JSDocOverrideTag@src/compiler/types.ts:429	syntax_kind.mbt; syntax_kind_names.mbt; syntax_kind_markers.mbt	syntax_kind_wbtest.mbt; scripts/audit-moonbit-syntax-kind.mjs	complete
SyntaxKind[339]	339	JSDocCallbackTag	JSDocCallbackTag		JSDocCallbackTag@src/compiler/types.ts:430	syntax_kind.mbt; syntax_kind_names.mbt; syntax_kind_markers.mbt	syntax_kind_wbtest.mbt; scripts/audit-moonbit-syntax-kind.mjs	complete
SyntaxKind[340]	340	JSDocOverloadTag	JSDocOverloadTag		JSDocOverloadTag@src/compiler/types.ts:431	syntax_kind.mbt; syntax_kind_names.mbt; syntax_kind_markers.mbt	syntax_kind_wbtest.mbt; scripts/audit-moonbit-syntax-kind.mjs	complete
SyntaxKind[341]	341	JSDocEnumTag	JSDocEnumTag		JSDocEnumTag@src/compiler/types.ts:432	syntax_kind.mbt; syntax_kind_names.mbt; syntax_kind_markers.mbt	syntax_kind_wbtest.mbt; scripts/audit-moonbit-syntax-kind.mjs	complete
SyntaxKind[342]	342	JSDocParameterTag	JSDocParameterTag		JSDocParameterTag@src/compiler/types.ts:433	syntax_kind.mbt; syntax_kind_names.mbt; syntax_kind_markers.mbt	syntax_kind_wbtest.mbt; scripts/audit-moonbit-syntax-kind.mjs	complete
SyntaxKind[343]	343	JSDocReturnTag	JSDocReturnTag		JSDocReturnTag@src/compiler/types.ts:434	syntax_kind.mbt; syntax_kind_names.mbt; syntax_kind_markers.mbt	syntax_kind_wbtest.mbt; scripts/audit-moonbit-syntax-kind.mjs	complete
SyntaxKind[344]	344	JSDocThisTag	JSDocThisTag		JSDocThisTag@src/compiler/types.ts:435	syntax_kind.mbt; syntax_kind_names.mbt; syntax_kind_markers.mbt	syntax_kind_wbtest.mbt; scripts/audit-moonbit-syntax-kind.mjs	complete
SyntaxKind[345]	345	JSDocTypeTag	JSDocTypeTag		JSDocTypeTag@src/compiler/types.ts:436	syntax_kind.mbt; syntax_kind_names.mbt; syntax_kind_markers.mbt	syntax_kind_wbtest.mbt; scripts/audit-moonbit-syntax-kind.mjs	complete
SyntaxKind[346]	346	JSDocTemplateTag	JSDocTemplateTag		JSDocTemplateTag@src/compiler/types.ts:437	syntax_kind.mbt; syntax_kind_names.mbt; syntax_kind_markers.mbt	syntax_kind_wbtest.mbt; scripts/audit-moonbit-syntax-kind.mjs	complete
SyntaxKind[347]	347	JSDocTypedefTag	JSDocTypedefTag		JSDocTypedefTag@src/compiler/types.ts:438	syntax_kind.mbt; syntax_kind_names.mbt; syntax_kind_markers.mbt	syntax_kind_wbtest.mbt; scripts/audit-moonbit-syntax-kind.mjs	complete
SyntaxKind[348]	348	JSDocSeeTag	JSDocSeeTag		JSDocSeeTag@src/compiler/types.ts:439	syntax_kind.mbt; syntax_kind_names.mbt; syntax_kind_markers.mbt	syntax_kind_wbtest.mbt; scripts/audit-moonbit-syntax-kind.mjs	complete
SyntaxKind[349]	349	JSDocPropertyTag	JSDocPropertyTag		JSDocPropertyTag@src/compiler/types.ts:440	syntax_kind.mbt; syntax_kind_names.mbt; syntax_kind_markers.mbt	syntax_kind_wbtest.mbt; scripts/audit-moonbit-syntax-kind.mjs	complete
SyntaxKind[350]	350	JSDocThrowsTag	JSDocThrowsTag		JSDocThrowsTag@src/compiler/types.ts:441	syntax_kind.mbt; syntax_kind_names.mbt; syntax_kind_markers.mbt	syntax_kind_wbtest.mbt; scripts/audit-moonbit-syntax-kind.mjs	complete
SyntaxKind[351]	351	JSDocSatisfiesTag	JSDocSatisfiesTag		JSDocSatisfiesTag@src/compiler/types.ts:442	syntax_kind.mbt; syntax_kind_names.mbt; syntax_kind_markers.mbt	syntax_kind_wbtest.mbt; scripts/audit-moonbit-syntax-kind.mjs	complete
SyntaxKind[352]	352	JSDocImportTag	LastJSDocTagNode	LastJSDocNode, LastJSDocTagNode	JSDocImportTag@src/compiler/types.ts:443, LastJSDocNode@src/compiler/types.ts:487, LastJSDocTagNode@src/compiler/types.ts:489	syntax_kind.mbt; syntax_kind_names.mbt; syntax_kind_markers.mbt	syntax_kind_wbtest.mbt; scripts/audit-moonbit-syntax-kind.mjs	complete
SyntaxKind[353]	353	SyntaxList	SyntaxList		SyntaxList@src/compiler/types.ts:446	syntax_kind.mbt; syntax_kind_names.mbt; syntax_kind_markers.mbt	syntax_kind_wbtest.mbt; scripts/audit-moonbit-syntax-kind.mjs	complete
SyntaxKind[354]	354	NotEmittedStatement	NotEmittedStatement		NotEmittedStatement@src/compiler/types.ts:449	syntax_kind.mbt; syntax_kind_names.mbt; syntax_kind_markers.mbt	syntax_kind_wbtest.mbt; scripts/audit-moonbit-syntax-kind.mjs	complete
SyntaxKind[355]	355	NotEmittedTypeElement	NotEmittedTypeElement		NotEmittedTypeElement@src/compiler/types.ts:450	syntax_kind.mbt; syntax_kind_names.mbt; syntax_kind_markers.mbt	syntax_kind_wbtest.mbt; scripts/audit-moonbit-syntax-kind.mjs	complete
SyntaxKind[356]	356	PartiallyEmittedExpression	PartiallyEmittedExpression		PartiallyEmittedExpression@src/compiler/types.ts:451	syntax_kind.mbt; syntax_kind_names.mbt; syntax_kind_markers.mbt	syntax_kind_wbtest.mbt; scripts/audit-moonbit-syntax-kind.mjs	complete
SyntaxKind[357]	357	CommaListExpression	CommaListExpression		CommaListExpression@src/compiler/types.ts:452	syntax_kind.mbt; syntax_kind_names.mbt; syntax_kind_markers.mbt	syntax_kind_wbtest.mbt; scripts/audit-moonbit-syntax-kind.mjs	complete
SyntaxKind[358]	358	SyntheticReferenceExpression	SyntheticReferenceExpression		SyntheticReferenceExpression@src/compiler/types.ts:453	syntax_kind.mbt; syntax_kind_names.mbt; syntax_kind_markers.mbt	syntax_kind_wbtest.mbt; scripts/audit-moonbit-syntax-kind.mjs	complete
